vds,c,type
0.03,90.99244505494504,Ciss
0.03,73.87589873894218,Coss
0.03,26.10288461538461,Crss
0.04,91.04340659340657,Ciss
0.04,73.87827028044417,Coss
0.04,26.098351648351642,Crss
0.06,91.08024475524475,Ciss
0.06,73.87624644615491,Coss
0.06,26.09697802197801,Crss
0.08,91.10444555444556,Ciss
0.08,73.87024560743096,Coss
0.08,26.097802197802192,Crss
0.09,91.11749500499499,Ciss
0.09,73.86068613562892,Coss
0.09,26.099862637362634,Crss
0.1,91.12087912087912,Ciss
0.1,73.8479864021054,Coss
0.1,26.1021978021978,Crss
0.12,91.1160839160837,Ciss
0.12,73.83256477821696,Coss
0.12,26.10384615384609,Crss
0.14,91.09580419580396,Ciss
0.14,73.8148396353202,Coss
0.14,26.10454545454539,Crss
0.15,91.0828671328669,Ciss
0.15,73.7952293447717,Coss
0.15,26.098951048950983,Crss
0.16,91.06713286713264,Ciss
0.16,73.77415227792804,Coss
0.16,26.088461538461473,Crss
0.18,91.04999999999977,Ciss
0.18,73.75202680614484,Coss
0.18,26.07447552447546,Crss
0.2,91.03286713286691,Ciss
0.2,73.72293233082611,Coss
0.2,26.05839160839154,Crss
0.21,91.01713286713264,Ciss
0.21,73.69918273945639,Coss
0.21,26.041608391608328,Crss
0.22,91.00419580419558,Ciss
0.22,73.67633213468358,Coss
0.22,26.02552447552441,Crss
0.24,90.99545454545434,Ciss
0.24,73.66111474337924,Coss
0.24,26.011538461538393,Crss
0.26,90.99230769230749,Ciss
0.26,73.64597907812916,Coss
0.26,26.001048951048887,Crss
0.27,91.00384615384596,Ciss
0.27,73.63239620791012,Coss
0.27,25.995454545454475,Crss
0.28,91.0153846153844,Ciss
0.28,73.62463223275485,Coss
0.28,26.003846153846084,Crss
0.3,91.0090909090907,Ciss
0.3,73.61078783916216,Coss
0.3,26.003846153846084,Crss
0.32,90.99160839160818,Ciss
0.32,73.58873814972117,Coss
0.32,26.00139860139853,Crss
0.33,90.96573426573406,Ciss
0.33,73.56505393919485,Coss
0.33,25.997902097902028,Crss
0.34,90.93426573426552,Ciss
0.34,73.54071592023442,Coss
0.34,25.98321678321671,Crss
0.36,90.89999999999978,Ciss
0.36,73.51670480549105,Coss
0.36,25.960139860139794,Crss
0.38,90.86573426573406,Ciss
0.38,73.49959136972772,Coss
0.38,25.931468531468465,Crss
0.39,90.83426573426551,Ciss
0.39,73.48166067342174,Coss
0.39,25.899999999999935,Crss
0.4,90.80839160839139,Ciss
0.4,73.46981039555315,Coss
0.4,25.868531468531405,Crss
0.42,90.79090909090887,Ciss
0.42,73.45665250081632,Coss
0.42,25.83986013986008,Crss
0.44,90.7884615384613,Ciss
0.44,73.43931023210105,Coss
0.44,25.81678321678315,Crss
0.45,90.80384615384594,Ciss
0.45,73.42204968944004,Coss
0.45,25.805944055943996,Crss
0.46,90.80839160839139,Ciss
0.46,73.39731938541914,Coss
0.46,25.80244755244749,Crss
0.48,90.79650349650328,Ciss
0.48,73.37185354690982,Coss
0.48,25.793006993006927,Crss
0.5,90.7779720279718,Ciss
0.5,73.34679633867184,Coss
0.5,25.79510489510483,Crss
0.51,90.75489510489489,Ciss
0.51,73.3232919254649,Coss
0.51,25.79545454545448,Crss
0.52,90.72937062937041,Ciss
0.52,73.30527950310466,Coss
0.52,25.780769230769167,Crss
0.54,90.70349650349627,Ciss
0.54,73.29235044131975,Coss
0.54,25.760839160839097,Crss
0.56,90.67937062937041,Ciss
0.56,73.27244197450054,Coss
0.56,25.737762237762176,Crss
0.5700000000000001,90.65909090909068,Ciss
0.5700000000000001,73.25228832951852,Coss
0.5700000000000001,25.7136363636363,Crss
0.58,90.64475524475503,Ciss
0.58,73.23303367113341,Coss
0.58,25.690559440559376,Crss
0.6,90.64615384615362,Ciss
0.6,73.21131088590948,Coss
0.6,25.670629370629307,Crss
0.62,90.65384615384593,Ciss
0.62,73.19089571755381,Coss
0.62,25.655944055943994,Crss
0.63,90.65524475524454,Ciss
0.63,73.17835894082938,Coss
0.63,25.648601398601336,Crss
0.64,90.64090909090886,Ciss
0.64,73.1659856162135,Coss
0.64,25.649999999999938,Crss
0.66,90.62062937062913,Ciss
0.66,73.15508336057441,Coss
0.66,25.65384615384609,Crss
0.68,90.59650349650326,Ciss
0.68,73.15254985289216,Coss
0.68,25.65524475524469,Crss
0.6900000000000001,90.57062937062912,Ciss
0.6900000000000001,73.14197450147013,Coss
0.6900000000000001,25.640909090909027,Crss
0.7000000000000001,90.54510489510466,Ciss
0.7000000000000001,73.13025498528836,Coss
0.7000000000000001,25.62062937062931,Crss
0.72,90.52202797202773,Ciss
0.72,73.10967636482415,Coss
0.72,25.596503496503438,Crss
0.74,90.50349650349628,Ciss
0.74,73.0868094148405,Coss
0.74,25.57062937062931,Crss
0.75,90.49160839160817,Ciss
0.75,73.06263484798859,Coss
0.75,25.545104895104835,Crss
0.76,90.49615384615362,Ciss
0.76,73.04372343903141,Coss
0.76,25.522027972027914,Crss
0.78,90.51153846153822,Ciss
0.78,73.02795031055805,Coss
0.78,25.511188811188745,Crss
0.8,90.50909090909067,Ciss
0.8,73.00792742726286,Coss
0.8,25.499300699300633,Crss
0.81,90.49160839160817,Ciss
0.81,72.98528931023114,Coss
0.81,25.489860139860077,Crss
0.8200000000000001,90.46573426573403,Ciss
0.8200000000000001,72.96167048054825,Coss
0.8200000000000001,25.49405594405588,Crss
0.84,90.4342657342655,Ciss
0.84,72.93419418110399,Coss
0.84,25.48321678321672,Crss
0.86,90.39999999999978,Ciss
0.86,72.90261523373556,Coss
0.86,25.46013986013979,Crss
0.87,90.36573426573405,Ciss
0.87,72.87383131742304,Coss
0.87,25.431468531468468,Crss
0.88,90.3342657342655,Ciss
0.88,72.84480222294772,Coss
0.88,25.399999999999938,Crss
0.9,90.30839160839137,Ciss
0.9,72.81699901928638,Coss
0.9,25.36853146853141,Crss
0.92,90.29475524475501,Ciss
0.92,72.79468780647176,Coss
0.92,25.33986013986008,Crss
0.93,90.29230769230747,Ciss
0.93,72.77499182739362,Coss
0.93,25.320629370629312,Crss
0.9400000000000001,90.29685314685292,Ciss
0.9400000000000001,72.75052304674634,Coss
0.9400000000000001,25.30979020979015,Crss
0.96,90.29580419580397,Ciss
0.96,72.72817914351,Coss
0.96,25.3031468531468,Crss
0.98,90.2828671328669,Ciss
0.98,72.70926773455282,Coss
0.98,25.288111888111832,Crss
0.99,90.26713286713263,Ciss
0.99,72.69166394246392,Coss
0.99,25.275174825174773,Crss
1.0,90.24999999999977,Ciss
1.0,72.67324288983234,Coss
1.0,25.267132867132812,Crss
1.02,90.23286713286691,Ciss
1.02,72.66090225563816,Coss
1.02,25.249999999999943,Crss
1.03,90.21713286713263,Ciss
1.03,72.6472540045757,Coss
1.03,25.232867132867078,Crss
1.05,90.21188811188787,Ciss
1.05,72.63393265773033,Coss
1.05,25.217132867132808,Crss
1.06,90.20314685314662,Ciss
1.06,72.62257273618735,Coss
1.06,25.20419580419574,Crss
1.08,90.20139860139837,Ciss
1.08,72.60578620464109,Coss
1.08,25.20314685314679,Crss
1.1,90.1940559440557,Ciss
1.1,72.58424321673655,Coss
1.1,25.20769230769224,Crss
1.11,90.17692307692285,Ciss
1.11,72.56016672114976,Coss
1.11,25.205244755244692,Crss
1.12,90.14895104895082,Ciss
1.12,72.53749591369635,Coss
1.12,25.191608391608327,Crss
1.1400000000000001,90.116783216783,Ciss
1.1400000000000001,72.51302713304906,Coss
1.1400000000000001,25.1657342657342,Crss
1.16,90.08321678321657,Ciss
1.16,72.4880679960762,Coss
1.16,25.13426573426567,Crss
1.17,90.05104895104873,Ciss
1.17,72.46392611964599,Coss
1.17,25.099999999999937,Crss
1.18,90.02692307692287,Ciss
1.18,72.43739784243122,Coss
1.18,25.0657342657342,Crss
1.2,90.00979020979001,Ciss
1.2,72.41242236024749,Coss
1.2,25.034265734265674,Crss
1.22,89.99545454545434,Ciss
1.22,72.39014383785457,Coss
1.22,25.016083916083854,Crss
1.23,89.995804195804,Ciss
1.23,72.37278522392845,Coss
1.23,24.998601398601338,Crss
1.25,89.98286713286691,Ciss
1.25,72.36101667211413,Coss
1.25,24.993706293706236,Crss
1.26,89.96853146853127,Ciss
1.26,72.34745014710595,Coss
1.26,24.99020979020973,Crss
1.27,89.9402097902096,Ciss
1.27,72.33372016998925,Coss
1.27,24.976923076923015,Crss
1.29,89.90839160839141,Ciss
1.29,72.32146126184932,Coss
1.29,24.94895104895099,Crss
1.3,89.8758741258739,Ciss
1.3,72.30328538738055,Coss
1.3,24.916783216783152,Crss
1.32,89.84545454545433,Ciss
1.32,72.28609022556297,Coss
1.32,24.883216783216724,Crss
1.34,89.823776223776,Ciss
1.34,72.26775089898565,Coss
1.34,24.851048951048895,Crss
1.35,89.80594405594383,Ciss
1.35,72.2461425302377,Coss
1.35,24.82307692307686,Crss
1.36,89.79930069930047,Ciss
1.36,72.22816279829915,Coss
1.36,24.805944055943993,Crss
1.3800000000000001,89.79125874125853,Ciss
1.3800000000000001,72.20642366786437,Coss
1.3800000000000001,24.79475524475518,Crss
1.4000000000000001,89.780769230769,Ciss
1.4000000000000001,72.18255966001867,Coss
1.4000000000000001,24.796853146853085,Crss
1.41,89.77447552447529,Ciss
1.41,72.15369401765189,Coss
1.41,24.79125874125868,Crss
1.42,89.75839160839138,Ciss
1.42,72.1240928407967,Coss
1.42,24.788461538461476,Crss
1.44,89.74160839160817,Ciss
1.44,72.09351095129034,Coss
1.44,24.774475524475463,Crss
1.46,89.72552447552425,Ciss
1.46,72.06170317096996,Coss
1.46,24.758391608391545,Crss
1.47,89.71153846153824,Ciss
1.47,72.0301405688124,Coss
1.47,24.74160839160833,Crss
1.48,89.70874125874104,Ciss
1.48,72.00308924485032,Coss
1.48,24.725524475524416,Crss
1.5,89.71083916083893,Ciss
1.5,71.97767244197355,Coss
1.5,24.71923076923071,Crss
1.52,89.70524475524455,Ciss
1.52,71.95552468126745,Coss
1.52,24.708741258741192,Crss
1.53,89.68776223776203,Ciss
1.53,71.93828048381731,Coss
1.53,24.69685314685308,Crss
1.54,89.66573426573405,Ciss
1.54,71.91855181431747,Coss
1.54,24.69405594405588,Crss
1.56,89.63426573426553,Ciss
1.56,71.89980385746883,Coss
1.56,24.679370629370567,Crss
1.58,89.5999999999998,Ciss
1.58,71.87991173586046,Coss
1.58,24.660139860139797,Crss
1.59,89.56573426573405,Ciss
1.59,71.86577312847243,Coss
1.59,24.63146853146847,Crss
1.6,89.53426573426552,Ciss
1.6,71.84999999999908,Coss
1.6,24.599999999999937,Crss
1.62,89.50839160839138,Ciss
1.62,71.83422687152571,Coss
1.62,24.56853146853141,Crss
1.6400000000000001,89.49475524475503,Ciss
1.6400000000000001,71.82008826413767,Coss
1.6400000000000001,24.539860139860078,Crss
1.6500000000000001,89.49615384615362,Ciss
1.6500000000000001,71.8001961425293,Coss
1.6500000000000001,24.520629370629308,Crss
1.6600000000000001,89.50069930069907,Ciss
1.6600000000000001,71.78424321673657,Coss
1.6600000000000001,24.505944055943996,Crss
1.68,89.49650349650327,Ciss
1.68,71.76016672114979,Coss
1.68,24.499300699300637,Crss
1.7,89.47797202797179,Ciss
1.7,71.73470088264045,Coss
1.7,24.495104895104834,Crss
1.71,89.45489510489487,Ciss
1.71,71.71457992808014,Coss
1.71,24.487762237762176,Crss
1.72,89.4293706293704,Ciss
1.72,71.69225237005465,Coss
1.72,24.480769230769166,Crss
1.74,89.40349650349629,Ciss
1.74,71.66918927754074,Coss
1.74,24.4608391608391,Crss
1.75,89.37937062937041,Ciss
1.75,71.64235044131976,Coss
1.75,24.43776223776218,Crss
1.77,89.366783216783,Ciss
1.77,71.61583850931585,Coss
1.77,24.4136363636363,Crss
1.78,89.3562937062935,Ciss
1.78,71.59655116050905,Coss
1.78,24.39825174825169,Crss
1.8,89.34370629370608,Ciss
1.8,71.57258908139822,Coss
1.8,24.37832167832162,Crss
1.82,89.33321678321659,Ciss
1.82,71.55101340307198,Coss
1.82,24.361188811188754,Crss
1.83,89.32062937062916,Ciss
1.83,71.52894736842013,Coss
1.83,24.342657342657287,Crss
1.84,89.29650349650328,Ciss
1.84,71.508025498528,Coss
1.84,24.31853146853141,Crss
1.86,89.27062937062915,Ciss
1.86,71.48988231448092,Coss
1.86,24.296153846153786,Crss
1.8800000000000001,89.24510489510467,Ciss
1.8800000000000001,71.46712978097324,Coss
1.8800000000000001,24.27902097902092,Crss
1.8900000000000001,89.22972027972006,Ciss
1.8900000000000001,71.45225563909682,Coss
1.8900000000000001,24.253846153846098,Crss
1.9000000000000001,89.21888111888089,Ciss
1.9000000000000001,71.4344393592668,Coss
1.9000000000000001,24.230419580419525,Crss
1.92,89.20069930069907,Ciss
1.92,71.41188296828935,Coss
1.92,24.218531468531413,Crss
1.94,89.1800699300697,Ciss
1.94,71.3862209872498,Coss
1.94,24.204895104895048,Crss
1.95,89.16188811188789,Ciss
1.95,71.35908793723345,Coss
1.95,24.20069930069924,Crss
1.96,89.13426573426551,Ciss
1.96,71.33211833932565,Coss
1.96,24.194055944055883,Crss
1.98,89.0999999999998,Ciss
1.98,71.30523046747209,Coss
1.98,24.17307692307686,Crss
2.0,89.06573426573405,Ciss
2.0,71.27834259561854,Coss
2.0,24.148951048950984,Crss
2.0100000000000002,89.03426573426552,Ciss
2.0100000000000002,71.25308924485032,Coss
2.0100000000000002,24.116783216783155,Crss
2.02,89.01223776223756,Ciss
2.02,71.22487741091767,Coss
2.02,24.08321678321672,Crss
2.04,88.99860139860117,Ciss
2.04,71.19625694671369,Coss
2.04,24.054895104895046,Crss
2.06,88.98916083916063,Ciss
2.06,71.16869892121515,Coss
2.06,24.02692307692302,Crss
2.07,88.98811188811166,Ciss
2.07,71.14367440339888,Coss
2.07,24.002797202797147,Crss
2.08,88.98286713286691,Ciss
2.08,71.12265446224163,Coss
2.08,23.98986013986008,Crss
2.1,88.96713286713265,Ciss
2.1,71.10367767244104,Coss
2.1,23.983916083916025,Crss
2.12,88.94999999999979,Ciss
2.12,71.08478260869472,Coss
2.12,23.972377622377564,Crss
2.13,88.93286713286692,Ciss
2.13,71.06851912389578,Coss
2.13,23.965734265734206,Crss
2.14,88.91713286713266,Ciss
2.14,71.05029421379443,Coss
2.14,23.949999999999946,Crss
2.16,88.91188811188789,Ciss
2.16,71.03174239947603,Coss
2.16,23.934265734265672,Crss
2.17,88.91083916083895,Ciss
2.17,71.01449820202588,Coss
2.17,23.927622377622313,Crss
2.19,88.90139860139838,Ciss
2.19,71.00019614252932,Coss
2.19,23.916083916083856,Crss
2.2,88.88776223776203,Ciss
2.2,70.98424321673657,Coss
2.2,23.910139860139804,Crss
2.22,88.86573426573406,Ciss
2.22,70.96575678326158,Coss
2.22,23.897202797202738,Crss
2.23,88.83426573426553,Ciss
2.23,70.94277541680196,Coss
2.23,23.873076923076866,Crss
2.25,88.7999999999998,Ciss
2.25,70.91677018633449,Coss
2.25,23.84510489510484,Crss
2.2600000000000002,88.76573426573404,Ciss
2.2600000000000002,70.88921216083595,Coss
2.2600000000000002,23.816783216783158,Crss
2.2800000000000002,88.73811188811167,Ciss
2.2800000000000002,70.86157240928317,Coss
2.2800000000000002,23.783216783216723,Crss
2.3000000000000003,88.71993006992987,Ciss
2.3000000000000003,70.83640078456921,Coss
2.3000000000000003,23.754895104895045,Crss
2.31,88.6993006993005,Ciss
2.31,70.80910428244434,Coss
2.31,23.726923076923015,Crss
2.32,88.68111888111866,Ciss
2.32,70.78131742399385,Coss
2.32,23.702797202797147,Crss
2.34,88.67027972027952,Ciss
2.34,70.75295848316352,Coss
2.34,23.69370629370623,Crss
2.36,88.65489510489489,Ciss
2.36,70.72394573389904,Coss
2.36,23.687762237762175,Crss
2.37,88.62937062937043,Ciss
2.37,70.69591369728577,Coss
2.37,23.673076923076863,Crss
2.38,88.6034965034963,Ciss
2.38,70.67049689440903,Coss
2.38,23.660839160839103,Crss
2.4,88.57937062937042,Ciss
2.4,70.6549199084659,Coss
2.4,23.637762237762182,Crss
2.42,88.566783216783,Ciss
2.42,70.63309905197686,Coss
2.42,23.613636363636306,Crss
2.43,88.55629370629347,Ciss
2.43,70.612258908139,Coss
2.43,23.598251748251688,Crss
2.44,88.54370629370608,Ciss
2.44,70.59060150375849,Coss
2.44,23.578321678321615,Crss
2.46,88.53321678321656,Ciss
2.46,70.56632886564145,Coss
2.46,23.56118881118875,Crss
2.48,88.52062937062917,Ciss
2.48,70.54107551487323,Coss
2.48,23.54265734265728,Crss
2.49,88.4965034965033,Ciss
2.49,70.51647597253913,Coss
2.49,23.518531468531407,Crss
2.5,88.47062937062915,Ciss
2.5,70.49416475972448,Coss
2.5,23.49615384615379,Crss
2.52,88.44510489510468,Ciss
2.52,70.47406015037502,Coss
2.52,23.479020979020923,Crss
2.54,88.42972027972009,Ciss
2.54,70.44705786204551,Coss
2.54,23.453846153846097,Crss
2.5500000000000003,88.41118881118861,Ciss
2.5500000000000003,70.42285060477188,Coss
2.5500000000000003,23.430419580419525,Crss
2.56,88.4006993006991,Ciss
2.56,70.39839816933548,Coss
2.56,23.418531468531405,Crss
2.58,88.38636363636343,Ciss
2.58,70.37517162471305,Coss
2.58,23.404895104895047,Crss
2.6,88.37307692307672,Ciss
2.6,70.3546420398814,Coss
2.6,23.400699300699237,Crss
2.61,88.34895104895084,Ciss
2.61,70.32925792742634,Coss
2.61,23.39405594405589,Crss
2.62,88.316783216783,Ciss
2.62,70.31134357633123,Coss
2.62,23.373076923076866,Crss
2.64,88.28321678321657,Ciss
2.64,70.29893756129363,Coss
2.64,23.348951048950994,Crss
2.66,88.25104895104874,Ciss
2.66,70.28030402092095,Coss
2.66,23.316783216783158,Crss
2.67,88.22692307692286,Ciss
2.67,70.25987250735442,Coss
2.67,23.283216783216723,Crss
2.68,88.20594405594385,Ciss
2.68,70.23927754167937,Coss
2.68,23.25489510489505,Crss
2.7,88.19545454545434,Ciss
2.7,70.22015364498108,Coss
2.7,23.22692307692302,Crss
2.72,88.19125874125852,Ciss
2.72,70.19511278195397,Coss
2.72,23.202797202797147,Crss
2.73,88.18076923076902,Ciss
2.73,70.17105263157804,Coss
2.73,23.189860139860087,Crss
2.74,88.1744755244753,Ciss
2.74,70.15487087283334,Coss
2.74,23.18391608391603,Crss
2.7600000000000002,88.1583916083914,Ciss
2.7600000000000002,70.13015691402327,Coss
2.7600000000000002,23.172377622377567,Crss
2.7800000000000002,88.14160839160817,Ciss
2.7800000000000002,70.10939849623969,Coss
2.7800000000000002,23.16573426573421,Crss
2.79,88.12552447552426,Ciss
2.79,70.08520758417693,Coss
2.79,23.14999999999994,Crss
2.8000000000000003,88.11153846153826,Ciss
2.8000000000000003,70.0592186989203,Coss
2.8000000000000003,23.13426573426568,Crss
2.82,88.10874125874105,Ciss
2.82,70.03306636155516,Coss
2.82,23.11993006993001,Crss
2.84,88.11083916083895,Ciss
2.84,70.00387381497131,Coss
2.84,23.11608391608386,Crss
2.85,88.10524475524454,Ciss
2.85,69.97870219025734,Coss
2.85,23.1087412587412,Crss
2.86,88.08776223776204,Ciss
2.86,69.95016345210763,Coss
2.86,23.1045454545454,Crss
2.88,88.06573426573405,Ciss
2.88,69.92531873161073,Coss
2.88,23.09405594405589,Crss
2.9,88.03426573426552,Ciss
2.9,69.9012912716565,Coss
2.9,23.07622377622372,Crss
2.91,87.9999999999998,Ciss
2.91,69.87971559333025,Coss
2.91,23.054545454545398,Crss
2.92,87.96573426573406,Ciss
2.92,69.86222621771729,Coss
2.92,23.024125874125815,Crss
2.94,87.93811188811168,Ciss
2.94,69.841435109512,Coss
2.94,22.99160839160833,Crss
2.96,87.9160839160837,Ciss
2.96,69.82080745341523,Coss
2.96,22.95979020979015,Crss
2.97,87.89545454545433,Ciss
2.97,69.7982183720161,Coss
2.97,22.939160839160778,Crss
2.98,87.88811188811167,Ciss
2.98,69.77497548218281,Coss
2.98,22.917132867132807,Crss
3.0,87.88286713286692,Ciss
3.0,69.75797646289547,Coss
3.0,22.905594405594346,Crss
3.02,87.86853146853124,Ciss
3.02,69.7398332788484,Coss
3.02,22.89335664335659,Crss
3.0300000000000002,87.84020979020958,Ciss
3.0300000000000002,69.72218045112692,Coss
3.0300000000000002,22.86923076923071,Crss
3.04,87.80839160839139,Ciss
3.04,69.70665250081636,Coss
3.04,22.845104895104843,Crss
3.06,87.77587412587391,Ciss
3.06,69.68586139261106,Coss
3.06,22.816783216783165,Crss
3.08,87.74545454545432,Ciss
3.08,69.66949983654699,Coss
3.08,22.783216783216726,Crss
3.09,87.72377622377601,Ciss
3.09,69.64550506701445,Coss
3.09,22.751048951048894,Crss
3.1,87.70594405594383,Ciss
3.1,69.62620137299679,Coss
3.1,22.723076923076867,Crss
3.12,87.69930069930048,Ciss
3.12,69.60403726707983,Coss
3.12,22.705944055944,Crss
3.14,87.69125874125851,Ciss
3.14,69.58048381824034,Coss
3.14,22.69475524475519,Crss
3.15,87.68076923076902,Ciss
3.15,69.55701209545512,Coss
3.15,22.696853146853094,Crss
3.16,87.6744755244753,Ciss
3.16,69.53058188950547,Coss
3.16,22.691258741258686,Crss
3.18,87.65839160839138,Ciss
3.18,69.51088591042733,Coss
3.18,22.688461538461482,Crss
3.2,87.64160839160817,Ciss
3.2,69.4860248447196,Coss
3.2,22.67447552447547,Crss
3.21,87.62552447552424,Ciss
3.21,69.46026479241492,Coss
3.21,22.65839160839155,Crss
3.22,87.61923076923055,Ciss
3.22,69.437871853546,Coss
3.22,22.641608391608337,Crss
3.24,87.61643356643336,Ciss
3.24,69.41596927100268,Coss
3.24,22.63321678321673,Crss
3.2600000000000002,87.60454545454525,Ciss
3.2600000000000002,69.3961915658703,Coss
3.2600000000000002,22.619230769230715,Crss
3.27,87.58776223776204,Ciss
3.27,69.37115070284315,Coss
3.27,22.602447552447494,Crss
3.2800000000000002,87.56188811188791,Ciss
3.2800000000000002,69.34774436090136,Coss
3.2800000000000002,22.593356643356586,Crss
3.3000000000000003,87.53426573426553,Ciss
3.3000000000000003,69.33287021902491,Coss
3.3000000000000003,22.57937062937057,Crss
3.3200000000000003,87.49999999999979,Ciss
3.3200000000000003,69.31011768551724,Coss
3.3200000000000003,22.556293706293648,Crss
3.33,87.46573426573406,Ciss
3.33,69.29197450147016,Coss
3.33,22.531468531468477,Crss
3.34,87.43426573426552,Ciss
3.34,69.27105263157804,Coss
3.34,22.499999999999947,Crss
3.36,87.40839160839141,Ciss
3.36,69.2489865969262,Coss
3.36,22.468531468531413,Crss
3.38,87.39475524475503,Ciss
3.38,69.22741091859994,Coss
3.38,22.439860139860084,Crss
3.39,87.39230769230747,Ciss
3.39,69.20344883948913,Coss
3.39,22.42062937062932,Crss
3.4,87.39685314685292,Ciss
3.4,69.18416149068233,Coss
3.4,22.405944055944005,Crss
3.42,87.39580419580399,Ciss
3.42,69.1576495586784,Coss
3.42,22.4031468531468,Crss
3.44,87.38286713286692,Ciss
3.44,69.13360575351332,Coss
3.44,22.391258741258685,Crss
3.45,87.36713286713265,Ciss
3.45,69.10898986596837,Coss
3.45,22.380769230769175,Crss
3.46,87.34999999999978,Ciss
3.46,69.08527296502035,Coss
3.46,22.374475524475468,Crss
3.48,87.33286713286691,Ciss
3.48,69.06392611964604,Coss
3.48,22.358391608391553,Crss
3.5,87.32482517482495,Ciss
3.5,69.03739784243128,Coss
3.5,22.341608391608332,Crss
3.5100000000000002,87.3118881118879,Ciss
3.5100000000000002,69.01801242235935,Coss
3.5100000000000002,22.325524475524418,Crss
3.52,87.30454545454523,Ciss
3.52,68.99821837201611,Coss
3.52,22.31923076923071,Crss
3.54,87.29020979020959,Ciss
3.54,68.97497548218283,Coss
3.54,22.3087412587412,Crss
3.56,87.27307692307673,Ciss
3.56,68.95797646289547,Coss
3.56,22.3045454545454,Crss
3.5700000000000003,87.24895104895083,Ciss
3.5700000000000003,68.9398332788484,Coss
3.5700000000000003,22.29405594405589,Crss
3.58,87.216783216783,Ciss
3.58,68.92218045112692,Coss
3.58,22.273076923076868,Crss
3.6,87.18321678321657,Ciss
3.6,68.90665250081636,Coss
3.6,22.248951048951,Crss
3.62,87.15104895104874,Ciss
3.62,68.88586139261106,Coss
3.62,22.216783216783156,Crss
3.63,87.1230769230767,Ciss
3.63,68.8667048054911,Coss
3.63,22.183216783216725,Crss
3.64,87.10979020978999,Ciss
3.64,68.84426283098962,Coss
3.64,22.151048951048896,Crss
3.66,87.09860139860119,Ciss
3.66,68.8207584177827,Coss
3.66,22.123076923076866,Crss
3.68,87.09370629370609,Ciss
3.68,68.80292579274182,Coss
3.68,22.102097902097846,Crss
3.69,87.09020979020957,Ciss
3.69,68.78321346845284,Coss
3.69,22.09860139860134,Crss
3.7,87.08321678321659,Ciss
3.7,68.76309251389253,Coss
3.7,22.10769230769225,Crss
3.72,87.06013986013964,Ciss
3.72,68.7395227198422,Coss
3.72,22.101398601398543,Crss
3.74,87.03146853146832,Ciss
3.74,68.71660673422598,Coss
3.74,22.09160839160834,Crss
3.75,86.99999999999977,Ciss
3.75,68.69114089571666,Coss
3.75,22.06573426573421,Crss
3.7600000000000002,86.96853146853127,Ciss
3.7600000000000002,68.66706440012986,Coss
3.7600000000000002,22.03426573426568,Crss
3.7800000000000002,86.93986013985993,Ciss
3.7800000000000002,68.65111147433714,Coss
3.7800000000000002,21.99999999999995,Crss
3.8000000000000003,86.91678321678299,Ciss
3.8000000000000003,68.63573063092424,Coss
3.8000000000000003,21.965734265734213,Crss
3.81,86.90594405594383,Ciss
3.81,68.62518796992393,Coss
3.81,21.93426573426568,Crss
3.8200000000000003,86.90244755244734,Ciss
3.8200000000000003,68.60758417783501,Coss
3.8200000000000003,21.908391608391558,Crss
3.84,86.89685314685292,Ciss
3.84,68.58981693363756,Coss
3.84,21.894755244755192,Crss
3.86,86.89125874125853,Ciss
3.86,68.57319385419983,Coss
3.86,21.888461538461485,Crss
3.87,86.88846153846131,Ciss
3.87,68.54999999999912,Coss
3.87,21.896853146853093,Crss
3.88,86.87447552447532,Ciss
3.88,68.52680614579839,Coss
3.88,21.898951048950998,Crss
3.9,86.85839160839139,Ciss
3.9,68.51018306636067,Coss
3.9,21.888461538461485,Crss
3.92,86.84160839160818,Ciss
3.92,68.49241582216322,Coss
3.92,21.87447552447547,Crss
3.93,86.82552447552426,Ciss
3.93,68.4748120300743,Coss
3.93,21.858391608391557,Crss
3.94,86.81153846153825,Ciss
3.94,68.46426936907397,Coss
3.94,21.84160839160834,Crss
3.96,86.80104895104874,Ciss
3.96,68.44888852566109,Coss
3.96,21.825524475524425,Crss
3.98,86.80314685314663,Ciss
3.98,68.43293559986834,Coss
3.98,21.81153846153841,Crss
3.99,86.80384615384594,Ciss
3.99,68.40885910428156,Coss
3.99,21.801048951048898,Crss
4.0,86.80524475524453,Ciss
4.0,68.38339326577224,Coss
4.0,21.8031468531468,Crss
4.0200000000000005,86.79790209790187,Ciss
4.0200000000000005,68.35768224910012,Coss
4.0200000000000005,21.803846153846102,Crss
4.04,86.77692307692286,Ciss
4.04,68.33566525008082,Coss
4.04,21.8052447552447,Crss
4.05,86.74895104895084,Ciss
4.05,68.31413860738714,Coss
4.05,21.797902097902046,Crss
4.07,86.716783216783,Ciss
4.07,68.29720496894322,Coss
4.07,21.776923076923023,Crss
4.08,86.68321678321658,Ciss
4.08,68.28182412553032,Coss
4.08,21.748951048950996,Crss
4.09,86.65104895104875,Ciss
4.09,68.2604445897343,Coss
4.09,21.716783216783163,Crss
4.11,86.62307692307671,Ciss
4.11,68.23980058842669,Coss
4.11,21.683216783216732,Crss
4.12,86.6020979020977,Ciss
4.12,68.21652500817171,Coss
4.12,21.6510489510489,Crss
4.14,86.5909090909089,Ciss
4.14,68.19439359267645,Coss
4.14,21.62307692307687,Crss
4.16,86.59615384615364,Ciss
4.16,68.17438705459212,Coss
4.16,21.602097902097853,Crss
4.17,86.60384615384594,Ciss
4.17,68.15748610656988,Coss
4.17,21.594755244755195,Crss
4.18,86.60839160839139,Ciss
4.18,68.15026152337276,Coss
4.18,21.596153846153797,Crss
4.2,86.59650349650327,Ciss
4.2,68.15058842758982,Coss
4.2,21.60069930069925,Crss
4.22,86.57797202797181,Ciss
4.22,68.14205622752445,Coss
4.22,21.60279720279715,Crss
4.23,86.55489510489488,Ciss
4.23,68.13156260215668,Coss
4.23,21.58916083916079,Crss
4.24,86.52937062937042,Ciss
4.24,68.1204151683548,Coss
4.24,21.56958041958037,Crss
4.26,86.50349650349628,Ciss
4.26,68.10089898659605,Coss
4.26,21.546153846153793,Crss
4.28,86.47937062937041,Ciss
4.28,68.07958483164344,Coss
4.28,21.520979020978967,Crss
4.29,86.4590909090907,Ciss
4.29,68.05745341614819,Coss
4.29,21.496153846153796,Crss
4.3,86.44475524475504,Ciss
4.3,68.04107551487327,Coss
4.3,21.473776223776177,Crss
4.32,86.43846153846134,Ciss
4.32,68.02273618829595,Coss
4.32,21.45594405594401,Crss
4.34,86.4499999999998,Ciss
4.34,68.00374305328451,Coss
4.34,21.444755244755193,Crss
4.3500000000000005,86.46153846153825,Ciss
4.3500000000000005,67.98648251062352,Coss
4.3500000000000005,21.449999999999946,Crss
4.36,86.45524475524455,Ciss
4.36,67.96619810395467,Coss
4.36,21.449999999999946,Crss
4.38,86.44090909090889,Ciss
4.38,67.93984962405928,Coss
4.38,21.451398601398548,Crss
4.39,86.42062937062916,Ciss
4.39,67.91153971886149,Coss
4.39,21.444055944055897,Crss
4.41,86.39650349650327,Ciss
4.41,67.8825760052296,Coss
4.41,21.42937062937058,Crss
4.42,86.37062937062915,Ciss
4.42,67.85426610003181,Coss
4.42,21.409440559440508,Crss
4.44,86.34510489510468,Ciss
4.44,67.83071265119231,Coss
4.44,21.386363636363583,Crss
4.46,86.32202797202774,Ciss
4.46,67.8088754494924,Coss
4.46,21.36223776223771,Crss
4.47,86.30349650349628,Ciss
4.47,67.79302059496479,Coss
4.47,21.339160839160787,Crss
4.48,86.29160839160816,Ciss
4.48,67.78027133049927,Coss
4.48,21.31923076923072,Crss
4.5,86.29615384615363,Ciss
4.5,67.76323962079022,Coss
4.5,21.304545454545405,Crss
4.51,86.31153846153823,Ciss
4.51,67.7398005884267,Coss
4.51,21.304895104895053,Crss
4.53,86.30909090909068,Ciss
4.53,67.71652500817171,Coss
4.53,21.306993006992954,Crss
4.54,86.29160839160816,Ciss
4.54,67.69439359267646,Coss
4.54,21.297552447552395,Crss
4.5600000000000005,86.26573426573404,Ciss
4.5600000000000005,67.67438705459212,Coss
4.5600000000000005,21.29405594405589,Crss
4.58,86.2342657342655,Ciss
4.58,67.65748610656989,Coss
4.58,21.28321678321673,Crss
4.59,86.19999999999978,Ciss
4.59,67.64467146126096,Coss
4.59,21.260139860139805,Crss
4.61,86.16573426573405,Ciss
4.61,67.64251389342834,Coss
4.61,21.23146853146848,Crss
4.62,86.13426573426553,Ciss
4.62,67.63986596927012,Coss
4.62,21.199999999999946,Crss
4.63,86.1083916083914,Ciss
4.63,67.63460281137539,Coss
4.63,21.168531468531416,Crss
4.65,86.09090909090888,Ciss
4.65,67.62803203661238,Coss
4.65,21.139860139860083,Crss
4.66,86.08461538461518,Ciss
4.66,67.61243870545842,Coss
4.66,21.116783216783162,Crss
4.68,86.09230769230747,Ciss
4.68,67.59439359267645,Coss
4.68,21.10209790209785,Crss
4.7,86.10384615384592,Ciss
4.7,67.57487741091772,Coss
4.7,21.098601398601346,Crss
4.71,86.10384615384592,Ciss
4.71,67.55487087283338,Coss
4.71,21.092307692307635,Crss
4.72,86.10454545454523,Ciss
4.72,67.53535469107463,Coss
4.72,21.096153846153793,Crss
4.74,86.09895104895082,Ciss
4.74,67.51730957829268,Coss
4.74,21.1038461538461,Crss
4.76,86.08846153846132,Ciss
4.76,67.49999999999912,Coss
4.76,21.104545454545402,Crss
4.7700000000000005,86.0744755244753,Ciss
4.7700000000000005,67.48548545276147,Coss
4.7700000000000005,21.098951048950994,Crss
4.78,86.05839160839139,Ciss
4.78,67.46588754494846,Coss
4.78,21.088461538461484,Crss
4.8,86.04160839160818,Ciss
4.8,67.44498202026719,Coss
4.8,21.074475524475467,Crss
4.82,86.02552447552426,Ciss
4.82,67.42374959136885,Coss
4.82,21.058391608391553,Crss
4.83,86.01153846153827,Ciss
4.83,67.40317097090465,Coss
4.83,21.041608391608335,Crss
4.84,86.00104895104876,Ciss
4.84,67.38422687152577,Coss
4.84,21.02552447552442,Crss
4.86,85.99545454545435,Ciss
4.86,67.3678980058834,Coss
4.86,21.011538461538407,Crss
4.88,85.99615384615365,Ciss
4.88,67.35516508662874,Coss
4.88,21.001048951048897,Crss
4.89,85.99615384615365,Ciss
4.89,67.34700882641297,Coss
4.89,20.995454545454493,Crss
4.9,86.00769230769211,Ciss
4.9,67.34999999999911,Coss
4.9,20.996153846153792,Crss
4.92,86.01538461538442,Ciss
4.92,67.34740111147346,Coss
4.92,21.003846153846098,Crss
4.93,86.00909090909072,Ciss
4.93,67.34235044131981,Coss
4.93,21.007692307692253,Crss
4.95,85.9916083916082,Ciss
4.95,67.33239620791021,Coss
4.95,21.00139860139855,Crss
4.96,85.96573426573407,Ciss
4.96,67.31851912389583,Coss
4.96,20.997902097902042,Crss
4.98,85.93426573426554,Ciss
4.98,67.30169990192786,Coss
4.98,20.98321678321673,Crss
5.0,85.89999999999978,Ciss
5.0,67.2829192546575,Coss
5.0,20.960139860139808,Crss
5.01,85.86573426573406,Ciss
5.01,67.26315789473597,Coss
5.01,20.93146853146848,Crss
5.0200000000000005,85.83426573426553,Ciss
5.0200000000000005,67.24339653481442,Coss
5.0200000000000005,20.899999999999945,Crss
5.04,85.8083916083914,Ciss
5.04,67.22461588754408,Coss
5.04,20.868531468531415,Crss
5.05,85.79090909090888,Ciss
5.05,67.20779666557611,Coss
5.05,20.839860139860093,Crss
5.07,85.78461538461518,Ciss
5.07,67.19499836547804,Coss
5.07,20.816783216783165,Crss
5.08,85.79230769230747,Ciss
5.08,67.18221641059083,Coss
5.08,20.802097902097852,Crss
5.1000000000000005,85.79999999999978,Ciss
5.1000000000000005,67.16453089244763,Coss
5.1000000000000005,20.798601398601345,Crss
5.12,85.80384615384595,Ciss
5.12,67.14324942791674,Coss
5.12,20.792307692307638,Crss
5.13,85.81153846153825,Ciss
5.13,67.1196796338664,Coss
5.13,20.796153846153796,Crss
5.14,85.8083916083914,Ciss
5.14,67.09512912716487,Coss
5.14,20.803846153846102,Crss
5.16,85.79650349650329,Ciss
5.16,67.0709055246804,Coss
5.16,20.808391608391553,Crss
5.18,85.77797202797183,Ciss
5.18,67.04831644328125,Coss
5.18,20.80279720279715,Crss
5.19,85.7548951048949,Ciss
5.19,67.02866949983567,Coss
5.19,20.789160839160786,Crss
5.2,85.72937062937042,Ciss
5.2,67.01327231121194,Coss
5.2,20.769580419580365,Crss
5.22,85.7034965034963,Ciss
5.22,66.99720496894322,Coss
5.22,20.746153846153792,Crss
5.24,85.67937062937041,Ciss
5.24,66.98269042170557,Coss
5.24,20.720979020978966,Crss
5.25,85.65909090909068,Ciss
5.25,66.9646453089236,Coss
5.25,20.69615384615379,Crss
5.26,85.64475524475503,Ciss
5.26,66.94512912716486,Coss
5.26,20.67377622377617,Crss
5.28,85.63846153846131,Ciss
5.28,66.92512258908052,Coss
5.28,20.655944055944,Crss
5.3,85.64230769230747,Ciss
5.3,66.90560640732178,Coss
5.3,20.644755244755192,Crss
5.3100000000000005,85.65769230769209,Ciss
5.3100000000000005,66.88756129453982,Coss
5.3100000000000005,20.642307692307643,Crss
5.32,85.66153846153824,Ciss
5.32,66.87196796338586,Coss
5.32,20.649999999999945,Crss
5.34,85.65524475524454,Ciss
5.34,66.85980712651106,Coss
5.34,20.657692307692255,Crss
5.36,85.64090909090886,Ciss
5.36,66.85205949656664,Coss
5.36,20.651398601398547,Crss
5.37,85.62062937062916,Ciss
5.37,66.84970578620377,Coss
5.37,20.64405594405589,Crss
5.38,85.59650349650327,Ciss
5.38,66.8502942137945,Coss
5.38,20.629370629370577,Crss
5.4,85.57062937062916,Ciss
5.4,66.84794050343163,Coss
5.4,20.609440559440507,Crss
5.42,85.54510489510469,Ciss
5.42,66.84019287348721,Coss
5.42,20.586363636363586,Crss
5.43,85.52202797202776,Ciss
5.43,66.82803203661241,Coss
5.43,20.56223776223771,Crss
5.44,85.5034965034963,Ciss
5.44,66.81243870545843,Coss
5.44,20.53916083916079,Crss
5.46,85.49160839160818,Ciss
5.46,66.79439359267649,Coss
5.46,20.519230769230724,Crss
5.48,85.48846153846131,Ciss
5.48,66.77487741091772,Coss
5.48,20.504545454545404,Crss
5.49,85.49615384615363,Ciss
5.49,66.7548708728334,Coss
5.49,20.497202797202746,Crss
5.5,85.49999999999977,Ciss
5.5,66.73535469107465,Coss
5.5,20.499300699300647,Crss
5.5200000000000005,85.50769230769208,Ciss
5.5200000000000005,66.7173095782927,Coss
5.5200000000000005,20.496153846153792,Crss
5.54,85.5153846153844,Ciss
5.54,66.69999999999914,Coss
5.54,20.496153846153792,Crss
5.55,85.5090909090907,Ciss
5.55,66.68269042170556,Coss
5.55,20.507692307692253,Crss
5.5600000000000005,85.49160839160818,Ciss
5.5600000000000005,66.66744033997952,Coss
5.5600000000000005,20.515384615384562,Crss
5.58,85.46573426573404,Ciss
5.58,66.64916639424561,Coss
5.58,20.509090909090858,Crss
5.6000000000000005,85.43426573426551,Ciss
5.6000000000000005,66.62901274926361,Coss
5.6000000000000005,20.491608391608338,Crss
5.61,85.39999999999978,Ciss
5.61,66.6081235697932,Coss
5.61,20.465734265734213,Crss
5.62,85.36573426573405,Ciss
5.62,66.5876430205941,Coss
5.62,20.434265734265686,Crss
5.64,85.33426573426551,Ciss
5.64,66.56871526642607,Coss
5.64,20.39999999999995,Crss
5.66,85.30839160839139,Ciss
5.66,66.55248447204882,Coss
5.66,20.36573426573422,Crss
5.67,85.29090909090888,Ciss
5.67,66.54009480222209,Coss
5.67,20.33426573426569,Crss
5.68,85.28461538461517,Ciss
5.68,66.53269042170557,Coss
5.68,20.30839160839156,Crss
5.7,85.29230769230747,Ciss
5.7,66.52239293886805,Coss
5.7,20.290909090909043,Crss
5.72,85.29999999999978,Ciss
5.72,66.51217718208478,Coss
5.72,20.284615384615343,Crss
5.73,85.30384615384592,Ciss
5.73,66.50222294867517,Coss
5.73,20.292307692307645,Crss
5.74,85.30384615384592,Ciss
5.74,66.48899967309491,Coss
5.74,20.299999999999955,Crss
5.76,85.30454545454523,Ciss
5.76,66.4734880679952,Coss
5.76,20.299999999999955,Crss
5.78,85.29895104895083,Ciss
5.78,66.45666884602724,Coss
5.78,20.303846153846106,Crss
5.79,85.28846153846132,Ciss
5.79,66.43952271984222,Coss
5.79,20.307692307692264,Crss
5.8,85.27447552447529,Ciss
5.8,66.42303040209131,Coss
5.8,20.30454545454541,Crss
5.82,85.25839160839139,Ciss
5.82,66.40817260542573,Coss
5.82,20.295804195804152,Crss
5.84,85.24160839160817,Ciss
5.84,66.39593004249667,Coss
5.84,20.282867132867082,Crss
5.8500000000000005,85.22552447552428,Ciss
5.8500000000000005,66.38277214775984,Coss
5.8500000000000005,20.267132867132815,Crss
5.86,85.21153846153825,Ciss
5.86,66.37790127492558,Coss
5.86,20.24999999999995,Crss
5.88,85.20104895104876,Ciss
5.88,66.36441647597167,Coss
5.88,20.232867132867085,Crss
5.9,85.19545454545434,Ciss
5.9,66.3543151356644,Coss
5.9,20.21713286713282,Crss
5.91,85.19615384615363,Ciss
5.91,66.33971886237245,Coss
5.91,20.204195804195756,Crss
5.92,85.19615384615363,Ciss
5.92,66.32177182085563,Coss
5.92,20.195454545454492,Crss
5.94,85.19999999999979,Ciss
5.94,66.30161817587361,Coss
5.94,20.192307692307644,Crss
5.96,85.2076923076921,Ciss
5.96,66.28040209218612,Coss
5.96,20.196153846153795,Crss
5.97,85.21538461538441,Ciss
5.97,66.2592677345529,Coss
5.97,20.199999999999953,Crss
5.98,85.2090909090907,Ciss
5.98,66.23935926773369,Coss
5.98,20.199999999999953,Crss
6.0,85.19160839160818,Ciss
6.0,66.22182085648818,Coss
6.0,20.207692307692255,Crss
6.0200000000000005,85.16573426573405,Ciss
6.0200000000000005,66.20779666557611,Coss
6.0200000000000005,20.207692307692255,Crss
6.03,85.13426573426554,Ciss
6.03,66.18940830336625,Coss
6.03,20.20909090909086,Crss
6.04,85.0999999999998,Ciss
6.04,66.17134684537345,Coss
6.04,20.19790209790205,Crss
6.0600000000000005,85.06573426573408,Ciss
6.0600000000000005,66.15271330500077,Coss
6.0600000000000005,20.176923076923025,Crss
6.08,85.03426573426553,Ciss
6.08,66.1343249427909,Coss
6.08,20.148951048950998,Crss
6.09,85.00839160839142,Ciss
6.09,66.11979405034239,Coss
6.09,20.11678321678317,Crss
6.1000000000000005,84.99090909090889,Ciss
6.1000000000000005,66.10559006211093,Coss
6.1000000000000005,20.08321678321673,Crss
6.12,84.9846153846152,Ciss
6.12,66.09269369074775,Coss
6.12,20.051048951048898,Crss
6.140000000000001,84.99230769230749,Ciss
6.140000000000001,66.08208564890401,Coss
6.140000000000001,20.02307692307687,Crss
6.15,84.9999999999998,Ciss
6.15,66.0747466492309,Coss
6.15,20.002097902097855,Crss
6.16,84.9999999999998,Ciss
6.16,66.07165740437965,Coss
6.16,19.990909090909042,Crss
6.18,84.9999999999998,Ciss
6.18,66.06477607061045,Coss
6.18,19.99230769230764,Crss
6.2,85.01538461538442,Ciss
6.2,66.06034651846923,Coss
6.2,19.99230769230764,Crss
6.21,85.01538461538442,Ciss
6.21,66.04999999999913,Coss
6.21,20.003846153846105,Crss
6.22,85.002797202797,Ciss
6.22,66.04524354364086,Coss
6.22,20.00769230769226,Crss
6.24,84.98041958041938,Ciss
6.24,66.03770840143751,Coss
6.24,20.004545454545408,Crss
6.26,84.95104895104876,Ciss
6.26,66.03363844393508,Coss
6.26,20.003496503496457,Crss
6.2700000000000005,84.91748251748233,Ciss
6.2700000000000005,66.02499182739372,Coss
6.2700000000000005,19.99055944055939,Crss
6.28,84.88251748251729,Ciss
6.28,66.01274926446466,Coss
6.28,19.96853146853142,Crss
6.3,84.84895104895085,Ciss
6.3,65.99789146779909,Coss
6.3,19.94020979020974,Crss
6.32,84.81958041958022,Ciss
6.32,65.98139915004819,Coss
6.32,19.90839160839156,Crss
6.33,84.7972027972026,Ciss
6.33,65.96425302386315,Coss
6.33,19.875874125874077,Crss
6.34,84.78461538461518,Ciss
6.34,65.9474338018952,Coss
6.34,19.845454545454494,Crss
6.36,84.78461538461518,Ciss
6.36,65.92741091859999,Coss
6.36,19.819930069930024,Crss
6.38,84.79999999999981,Ciss
6.38,65.90779666557611,Coss
6.38,19.802097902097856,Crss
6.390000000000001,84.79999999999981,Ciss
6.390000000000001,65.89220333442215,Coss
6.390000000000001,19.794755244755198,Crss
6.4,84.79999999999981,Ciss
6.4,65.87258908139829,Coss
6.4,19.792307692307645,Crss
6.42,84.80384615384595,Ciss
6.42,65.85256619810309,Coss
6.42,19.792307692307645,Crss
6.44,84.80769230769211,Ciss
6.44,65.83854200719104,Coss
6.44,19.79999999999995,Crss
6.45,84.80454545454526,Ciss
6.45,65.82263811703086,Coss
6.45,19.80384615384611,Crss
6.46,84.795804195804,Ciss
6.46,65.80599869238227,Coss
6.46,19.80384615384611,Crss
6.48,84.78286713286693,Ciss
6.48,65.78976789800504,Coss
6.48,19.800699300699254,Crss
6.5,84.76713286713266,Ciss
6.5,65.77508989865883,Coss
6.5,19.798951048951,Crss
6.51,84.7499999999998,Ciss
6.51,65.76310885910344,Coss
6.51,19.791608391608342,Crss
6.5200000000000005,84.73286713286694,Ciss
6.5200000000000005,65.75496894409852,Coss
6.5200000000000005,19.780069930069885,Crss
6.54,84.71713286713266,Ciss
6.54,65.74279176201287,Coss
6.54,19.76573426573422,Crss
6.5600000000000005,84.70419580419559,Ciss
6.5600000000000005,65.73298463550094,Coss
6.5600000000000005,19.749999999999954,Crss
6.57,84.69545454545434,Ciss
6.57,65.7173422687144,Coss
6.57,19.734265734265687,Crss
6.58,84.69230769230748,Ciss
6.58,65.70753514220247,Coss
6.58,19.719930069930022,Crss
6.6000000000000005,84.69615384615365,Ciss
6.6000000000000005,65.69815299117273,Coss
6.6000000000000005,19.70839160839156,Crss
6.62,84.69999999999979,Ciss
6.62,65.68566525008087,Coss
6.62,19.701048951048897,Crss
6.63,84.69999999999979,Ciss
6.63,65.67105263157809,Coss
6.63,19.699300699300647,Crss
6.640000000000001,84.69999999999979,Ciss
6.640000000000001,65.65529584831559,Coss
6.640000000000001,19.696153846153795,Crss
6.66,84.7076923076921,Ciss
6.66,65.63937561294455,Coss
6.66,19.696153846153795,Crss
6.68,84.71538461538441,Ciss
6.68,65.62427263811618,Coss
6.68,19.707692307692255,Crss
6.69,84.70909090909069,Ciss
6.69,65.61096763648166,Coss
6.69,19.707692307692255,Crss
6.7,84.69160839160818,Ciss
6.7,65.59593004249669,Coss
6.7,19.70139860139855,Crss
6.72,84.66573426573406,Ciss
6.72,65.58277214775985,Coss
6.72,19.69020979020974,Crss
6.74,84.63426573426553,Ciss
6.74,65.57231121281379,Coss
6.74,19.683216783216732,Crss
6.75,84.5999999999998,Ciss
6.75,65.561932003922,Coss
6.75,19.66643356643352,Crss
6.76,84.56573426573406,Ciss
6.76,65.54901928734796,Coss
6.76,19.642657342657294,Crss
6.78,84.53426573426553,Ciss
6.78,65.53998038574613,Coss
6.78,19.614685314685264,Crss
6.8,84.50839160839138,Ciss
6.8,65.52693690748526,Coss
6.8,19.585314685314632,Crss
6.8100000000000005,84.49090909090887,Ciss
6.8100000000000005,65.51103301732509,Coss
6.8100000000000005,19.557342657342605,Crss
6.82,84.48461538461515,Ciss
6.82,65.4934128800253,Coss
6.82,19.53356643356638,Crss
6.84,84.49230769230749,Ciss
6.84,65.47522066034567,Coss
6.84,19.516783216783168,Crss
6.86,84.49999999999977,Ciss
6.86,65.4576005230459,Coss
6.86,19.50979020979016,Crss
6.87,84.49999999999977,Ciss
6.87,65.44169663288572,Coss
6.87,19.498601398601348,Crss
6.88,84.50384615384593,Ciss
6.88,65.42865315462485,Coss
6.88,19.49230769230764,Crss
6.9,84.51153846153827,Ciss
6.9,65.41059169663203,Coss
6.9,19.49230769230764,Crss
6.92,84.50839160839138,Ciss
6.92,65.38940830336627,Coss
6.92,19.503846153846105,Crss
6.93,84.49650349650327,Ciss
6.93,65.37134684537347,Coss
6.93,19.503846153846105,Crss
6.94,84.47797202797182,Ciss
6.94,65.35550833605667,Coss
6.94,19.500699300699253,Crss
6.96,84.45489510489489,Ciss
6.96,65.33836220987165,Coss
6.96,19.50279720279715,Crss
6.98,84.42937062937041,Ciss
6.98,65.32088917946956,Coss
6.98,19.495454545454493,Crss
6.99,84.4034965034963,Ciss
6.99,65.30406995750158,Coss
6.99,19.480769230769184,Crss
7.0,84.37937062937041,Ciss
7.0,65.28888525661895,Coss
7.0,19.46083916083911,Crss
7.0200000000000005,84.35909090909071,Ciss
7.0200000000000005,65.27631578947282,Coss
7.0200000000000005,19.43776223776219,Crss
7.04,84.34475524475504,Ciss
7.04,65.2673422687144,Coss
7.04,19.413636363636314,Crss
7.05,84.33846153846133,Ciss
7.05,65.26294540699489,Coss
7.05,19.390559440559393,Crss
7.0600000000000005,84.3423076923075,Ciss
7.0600000000000005,65.25508336057449,Coss
7.0600000000000005,19.370629370629324,Crss
7.08,84.3499999999998,Ciss
7.08,65.24999999999915,Coss
7.08,19.355944055944004,Crss
7.1000000000000005,84.3499999999998,Ciss
7.1000000000000005,65.239326577312,Coss
7.1000000000000005,19.34860139860135,Crss
7.11,84.3499999999998,Ciss
7.11,65.2289800588419,Coss
7.11,19.342307692307642,Crss
7.12,84.3576923076921,Ciss
7.12,65.22487741091774,Coss
7.12,19.342307692307642,Crss
7.140000000000001,84.36153846153826,Ciss
7.140000000000001,65.22423994769447,Coss
7.140000000000001,19.349999999999948,Crss
7.16,84.35524475524454,Ciss
7.16,65.2190258254323,Coss
7.16,19.357692307692254,Crss
7.17,84.3409090909089,Ciss
7.17,65.21021575678242,Coss
7.17,19.357692307692254,Crss
7.18,84.32062937062916,Ciss
7.18,65.198790454396,Coss
7.18,19.35139860139855,Crss
7.2,84.29650349650329,Ciss
7.2,65.18573063092428,Coss
7.2,19.344055944055892,Crss
7.22,84.27062937062917,Ciss
7.22,65.17201699901844,Coss
7.22,19.32937062937058,Crss
7.23,84.24510489510469,Ciss
7.23,65.15863027132964,Coss
7.23,19.30944055944051,Crss
7.24,84.22202797202775,Ciss
7.24,65.14203988231364,Coss
7.24,19.286363636363582,Crss
7.26,84.20349650349628,Ciss
7.26,65.12134684537345,Coss
7.26,19.26223776223771,Crss
7.28,84.19160839160817,Ciss
7.28,65.09999999999914,Coss
7.28,19.23916083916079,Crss
7.29,84.18846153846133,Ciss
7.29,65.07865315462485,Coss
7.29,19.219230769230723,Crss
7.3,84.19615384615362,Ciss
7.3,65.06355017979647,Coss
7.3,19.204545454545404,Crss
7.32,84.1999999999998,Ciss
7.32,65.04664923177424,Coss
7.32,19.19720279720275,Crss
7.34,84.1999999999998,Ciss
7.34,65.03452108532115,Coss
7.34,19.19930069930065,Crss
7.3500000000000005,84.1999999999998,Ciss
7.3500000000000005,65.01945080091448,Coss
7.3500000000000005,19.1961538461538,Crss
7.36,84.1999999999998,Ciss
7.36,65.00274599542249,Coss
7.36,19.1961538461538,Crss
7.38,84.2153846153844,Ciss
7.38,64.98571428571344,Coss
7.38,19.19999999999995,Crss
7.390000000000001,84.2153846153844,Ciss
7.390000000000001,64.96966328865557,Coss
7.390000000000001,19.20769230769226,Crss
7.41,84.20279720279697,Ciss
7.41,64.95590062111715,Coss
7.41,19.20769230769226,Crss
7.42,84.18041958041937,Ciss
7.42,64.94573389996647,Coss
7.42,19.201398601398555,Crss
7.44,84.15104895104875,Ciss
7.44,64.93144818568075,Coss
7.44,19.197902097902052,Crss
7.46,84.1174825174823,Ciss
7.46,64.91059169663204,Coss
7.46,19.183216783216736,Crss
7.47,84.08251748251728,Ciss
7.47,64.88940830336627,Coss
7.47,19.160139860139815,Crss
7.48,84.04895104895084,Ciss
7.48,64.87134684537347,Coss
7.48,19.131468531468485,Crss
7.5,84.01958041958022,Ciss
7.5,64.85271330500078,Coss
7.5,19.099999999999955,Crss
7.5200000000000005,83.99720279720259,Ciss
7.5200000000000005,64.83432494279091,Coss
7.5200000000000005,19.068531468531425,Crss
7.53,83.98461538461518,Ciss
7.53,64.8197940503424,Coss
7.53,19.039860139860096,Crss
7.54,83.98461538461518,Ciss
7.54,64.80559006211095,Coss
7.54,19.016783216783175,Crss
7.5600000000000005,83.99999999999979,Ciss
7.5600000000000005,64.79269369074777,Coss
7.5600000000000005,19.00209790209786,Crss
7.58,83.99999999999979,Ciss
7.58,64.78208564890402,Coss
7.58,18.99860139860135,Crss
7.59,83.99999999999979,Ciss
7.59,64.77474664923092,Coss
7.59,18.992307692307648,Crss
7.6000000000000005,83.99999999999979,Ciss
7.6000000000000005,64.77165740437967,Coss
7.6000000000000005,18.992307692307648,Crss
7.62,84.00384615384596,Ciss
7.62,64.76477607061045,Coss
7.62,18.999999999999954,Crss
7.640000000000001,84.00769230769211,Ciss
7.640000000000001,64.76034651846923,Coss
7.640000000000001,18.999999999999954,Crss
7.65,84.00454545454525,Ciss
7.65,64.74999999999915,Coss
7.65,18.999999999999954,Crss
7.66,83.995804195804,Ciss
7.66,64.74524354364087,Coss
7.66,19.003846153846112,Crss
7.68,83.98286713286693,Ciss
7.68,64.73770840143754,Coss
7.68,19.003846153846112,Crss
7.7,83.96713286713265,Ciss
7.7,64.72804838182329,Coss
7.7,19.004545454545408,Crss
7.71,83.9499999999998,Ciss
7.71,64.72250735534404,Coss
7.71,18.998951048951007,Crss
7.72,83.93286713286692,Ciss
7.72,64.71304347826003,Coss
7.72,18.988461538461493,Crss
7.74,83.91713286713266,Ciss
7.74,64.70063746322242,Coss
7.74,18.97447552447548,Crss
7.76,83.90419580419561,Ciss
7.76,64.68627002288245,Coss
7.76,18.958391608391562,Crss
7.7700000000000005,83.89545454545434,Ciss
7.7700000000000005,64.67092186989127,Coss
7.7700000000000005,18.941608391608348,Crss
7.78,83.8923076923075,Ciss
7.78,64.65557371690011,Coss
7.78,18.925524475524433,Crss
7.8,83.89615384615365,Ciss
7.8,64.63669499836463,Coss
7.8,18.911538461538417,Crss
7.82,83.89999999999979,Ciss
7.82,64.61789800588342,Coss
7.82,18.901048951048907,Crss
7.83,83.89999999999979,Ciss
7.83,64.59999999999916,Coss
7.83,18.8954545454545,Crss
7.84,83.89999999999979,Ciss
7.84,64.57930696305897,Coss
7.84,18.8961538461538,Crss
7.86,83.9076923076921,Ciss
7.86,64.55926773455292,Coss
7.86,18.8961538461538,Crss
7.88,83.91538461538443,Ciss
7.88,64.54333115397104,Coss
7.88,18.899999999999952,Crss
7.890000000000001,83.90909090909071,Ciss
7.890000000000001,64.53339326577229,Coss
7.890000000000001,18.899999999999952,Crss
7.9,83.8916083916082,Ciss
7.9,64.5215756783254,Coss
7.9,18.907692307692262,Crss
7.92,83.86573426573406,Ciss
7.92,64.50902255639014,Coss
7.92,18.907692307692262,Crss
7.94,83.83426573426554,Ciss
7.94,64.49687806472619,Coss
7.94,18.909090909090864,Crss
7.95,83.79999999999981,Ciss
7.95,64.4862863680933,Coss
7.95,18.897902097902055,Crss
7.96,83.76573426573407,Ciss
7.96,64.4783916312512,Coss
7.96,18.87692307692303,Crss
7.98,83.73426573426553,Ciss
7.98,64.46531546256863,Coss
7.98,18.848951048951,Crss
8.0,83.70839160839141,Ciss
8.0,64.45346518470004,Coss
8.0,18.816783216783172,Crss
8.01,83.69090909090889,Ciss
8.01,64.44365805818809,Coss
8.01,18.783216783216737,Crss
8.02,83.68461538461519,Ciss
8.02,64.42768878718451,Coss
8.02,18.7510489510489,Crss
8.040000000000001,83.69230769230751,Ciss
8.040000000000001,64.41163779012663,Coss
8.040000000000001,18.723076923076874,Crss
8.06,83.69999999999979,Ciss
8.06,64.4015854854519,Coss
8.06,18.702097902097854,Crss
8.07,83.69999999999979,Ciss
8.07,64.389326577312,Coss
8.07,18.690909090909045,Crss
8.09,83.69999999999979,Ciss
8.09,64.37567832624956,Coss
8.09,18.692307692307647,Crss
8.1,83.69999999999979,Ciss
8.1,64.36425302386317,Coss
8.1,18.692307692307647,Crss
8.120000000000001,83.71153846153825,Ciss
8.120000000000001,64.35152010460851,Coss
8.120000000000001,18.699999999999953,Crss
8.13,83.71153846153825,Ciss
8.13,64.33846028113679,Coss
8.13,18.699999999999953,Crss
8.14,83.7020979020977,Ciss
8.14,64.32605426609919,Coss
8.14,18.703846153846108,Crss
8.16,83.6853146853145,Ciss
8.16,64.31528277214693,Coss
8.16,18.703846153846108,Crss
8.18,83.66328671328652,Ciss
8.18,64.30712651193116,Coss
8.18,18.708391608391562,Crss
8.19,83.6381118881117,Ciss
8.19,64.29805491990763,Coss
8.19,18.702797202797157,Crss
8.2,83.61188811188791,Ciss
8.2,64.28265773128389,Coss
8.2,18.68916083916079,Crss
8.22,83.58671328671309,Ciss
8.22,64.26701536449737,Coss
8.22,18.669580419580374,Crss
8.23,83.56468531468511,Ciss
8.23,64.25161817587363,Coss
8.23,18.6461538461538,Crss
8.25,83.54790209790188,Ciss
8.25,64.23695652173829,Coss
8.25,18.620979020978975,Crss
8.26,83.53846153846135,Ciss
8.26,64.22911082052875,Coss
8.26,18.596153846153797,Crss
8.28,83.53846153846135,Ciss
8.28,64.22546583850848,Coss
8.28,18.57377622377618,Crss
8.3,83.54999999999978,Ciss
8.3,64.21814318404624,Coss
8.3,18.55594405594401,Crss
8.31,83.54999999999978,Ciss
8.31,64.20828702190175,Coss
8.31,18.544755244755194,Crss
8.32,83.54999999999978,Ciss
8.32,64.19704151683473,Coss
8.32,18.542307692307645,Crss
8.34,83.54999999999978,Ciss
8.34,64.18555083360492,Coss
8.34,18.542307692307645,Crss
8.36,83.55769230769212,Ciss
8.36,64.17495913697203,Coss
8.36,18.549999999999955,Crss
8.370000000000001,83.55769230769212,Ciss
8.370000000000001,64.15738803530482,Coss
8.370000000000001,18.549999999999955,Crss
8.38,83.55524475524454,Ciss
8.38,64.13924485125774,Coss
8.38,18.549999999999955,Crss
8.4,83.54405594405574,Ciss
8.4,64.12134684537347,Coss
8.4,18.557692307692257,Crss
8.41,83.52622377622356,Ciss
8.41,64.09999999999917,Coss
8.41,18.557692307692257,Crss
8.43,83.50384615384596,Ciss
8.43,64.07865315462486,Coss
8.43,18.555244755244708,Crss
8.44,83.47902097902079,Ciss
8.44,64.06075514874058,Coss
8.44,18.5440559440559,Crss
8.46,83.45384615384596,Ciss
8.46,64.0426119646935,Coss
8.46,18.52622377622373,Crss
8.48,83.43041958041938,Ciss
8.48,64.0250408630263,Coss
8.48,18.503846153846105,Crss
8.49,83.41083916083896,Ciss
8.49,64.01165413533751,Coss
8.49,18.47902097902093,Crss
8.51,83.39720279720261,Ciss
8.51,63.99892121608286,Coss
8.51,18.453846153846104,Crss
8.52,83.3916083916082,Ciss
8.52,63.987822817913525,Coss
8.52,18.43041958041953,Crss
8.540000000000001,83.39615384615365,Ciss
8.540000000000001,63.97933965348071,Coss
8.540000000000001,18.410839160839114,Crss
8.55,83.39615384615365,Ciss
8.55,63.97445243543559,Coss
8.55,18.39720279720275,Crss
8.56,83.3999999999998,Ciss
8.56,63.97414187642938,Coss
8.56,18.391608391608344,Crss
8.58,83.3999999999998,Ciss
8.58,63.970366132722276,Coss
8.58,18.3961538461538,Crss
8.6,83.40769230769212,Ciss
8.6,63.96034651846925,Coss
8.6,18.3961538461538,Crss
8.61,83.40769230769212,Ciss
8.61,63.949999999999164,Coss
8.61,18.399999999999952,Crss
8.620000000000001,83.40909090909072,Ciss
8.620000000000001,63.93965348152907,Coss
8.620000000000001,18.399999999999952,Crss
8.64,83.39790209790189,Ciss
8.64,63.929633867276046,Coss
8.64,18.407692307692262,Crss
8.65,83.37692307692288,Ciss
8.65,63.92585812356895,Coss
8.65,18.407692307692262,Crss
8.67,83.34895104895085,Ciss
8.67,63.92554756456274,Coss
8.67,18.40909090909086,Crss
8.68,83.31678321678304,Ciss
8.68,63.92066034651763,Coss
8.68,18.39790209790205,Crss
8.700000000000001,83.28321678321659,Ciss
8.700000000000001,63.912177182084804,Coss
8.700000000000001,18.37692307692303,Crss
8.72,83.25104895104877,Ciss
8.72,63.901078783915466,Coss
8.72,18.348951048951005,Crss
8.73,83.22307692307673,Ciss
8.73,63.88834586466081,Coss
8.73,18.316783216783172,Crss
8.74,83.2020979020977,Ciss
8.74,63.874959136972016,Coss
8.74,18.283216783216737,Crss
8.76,83.19090909090889,Ciss
8.76,63.85738803530481,Coss
8.76,18.251048951048908,Crss
8.78,83.19230769230748,Ciss
8.78,63.839244851257746,Coss
8.78,18.223076923076878,Crss
8.790000000000001,83.19230769230748,Ciss
8.790000000000001,63.821346845373476,Coss
8.790000000000001,18.202097902097858,Crss
8.8,83.19999999999979,Ciss
8.8,63.799999999999166,Coss
8.8,18.190909090909045,Crss
8.82,83.19999999999979,Ciss
8.82,63.77865315462486,Coss
8.82,18.192307692307647,Crss
8.84,83.19999999999979,Ciss
8.84,63.760755148740586,Coss
8.84,18.192307692307647,Crss
8.85,83.19999999999979,Ciss
8.85,63.742611964693516,Coss
8.85,18.199999999999953,Crss
8.86,83.20384615384596,Ciss
8.86,63.7306309251381,Coss
8.86,18.199999999999953,Crss
8.88,83.2076923076921,Ciss
8.88,63.716933638443095,Coss
8.88,18.20384615384611,Crss
8.89,83.20454545454524,Ciss
8.89,63.70266426936824,Coss
8.89,18.20384615384611,Crss
8.91,83.19580419580399,Ciss
8.91,63.68896698267324,Coss
8.91,18.200699300699256,Crss
8.92,83.18286713286693,Ciss
8.92,63.67698594311783,Coss
8.92,18.198951048951002,Crss
8.94,83.16713286713266,Ciss
8.94,63.66786531546174,Coss
8.94,18.191608391608348,Crss
8.96,83.1499999999998,Ciss
8.96,63.662749264464686,Coss
8.96,18.180069930069884,Crss
8.97,83.13286713286693,Ciss
8.97,63.65375939849542,Coss
8.97,18.165734265734223,Crss
8.98,83.11713286713268,Ciss
8.98,63.63828048381741,Coss
8.98,18.149999999999956,Crss
9.0,83.1041958041956,Ciss
9.0,63.62239293886808,Coss
9.0,18.13426573426569,Crss
9.02,83.09545454545434,Ciss
9.02,63.60658711997302,Coss
9.02,18.119930069930025,Crss
9.03,83.09230769230749,Ciss
9.03,63.591353383457815,Coss
9.03,18.108391608391564,Crss
9.040000000000001,83.09615384615364,Ciss
9.040000000000001,63.582772147759876,Coss
9.040000000000001,18.10104895104891,Crss
9.06,83.09999999999981,Ciss
9.06,63.57543314808679,Coss
9.06,18.099300699300656,Crss
9.07,83.09999999999981,Ciss
9.07,63.56580581889424,Coss
9.07,18.096153846153804,Crss
9.09,83.09999999999981,Ciss
9.09,63.55487087283343,Coss
9.09,18.096153846153804,Crss
9.1,83.1076923076921,Ciss
9.1,63.543609022555565,Coss
9.1,18.09999999999996,Crss
9.120000000000001,83.11538461538441,Ciss
9.120000000000001,63.53300098071182,Coss
9.120000000000001,18.09999999999996,Crss
9.14,83.10909090909071,Ciss
9.14,63.52402745995341,Coss
9.14,18.10769230769227,Crss
9.15,83.09160839160818,Ciss
9.15,63.51315789473602,Coss
9.15,18.10769230769227,Crss
9.16,83.06573426573406,Ciss
9.16,63.50400457665821,Coss
9.16,18.109090909090867,Crss
9.18,83.03426573426552,Ciss
9.18,63.48836220987168,Coss
9.18,18.097902097902058,Crss
9.200000000000001,82.9999999999998,Ciss
9.200000000000001,63.47231121281382,Coss
9.200000000000001,18.076923076923034,Crss
9.21,82.96573426573406,Ciss
9.21,63.45634194181023,Coss
9.21,18.048951048951007,Crss
9.22,82.93426573426552,Ciss
9.22,63.4409447531865,Coss
9.22,18.01678321678317,Crss
9.24,82.9083916083914,Ciss
9.24,63.43220006538003,Coss
9.24,17.98321678321674,Crss
9.26,82.89090909090888,Ciss
9.26,63.42749264465431,Coss
9.26,17.95104895104891,Crss
9.27,82.88461538461517,Ciss
9.27,63.418944099378066,Coss
9.27,17.92307692307688,Crss
9.28,82.89230769230748,Ciss
9.28,63.40769859431106,Coss
9.28,17.90209790209786,Crss
9.3,82.89999999999978,Ciss
9.3,63.39490029421299,Coss
9.3,17.89090909090905,Crss
9.31,82.89999999999978,Ciss
9.31,63.381693363843574,Coss
9.31,17.892307692307654,Crss
9.33,82.89999999999978,Ciss
9.33,63.369221967962574,Coss
9.33,17.892307692307654,Crss
9.34,82.89999999999978,Ciss
9.34,63.35863027132967,Coss
9.34,17.899999999999956,Crss
9.36,82.90769230769209,Ciss
9.36,63.34203988231366,Coss
9.36,17.899999999999956,Crss
9.38,82.9153846153844,Ciss
9.38,63.32134684537348,Coss
9.38,17.899999999999956,Crss
9.39,82.9090909090907,Ciss
9.39,63.29999999999919,Coss
9.39,17.907692307692265,Crss
9.4,82.89160839160817,Ciss
9.4,63.27865315462488,Coss
9.4,17.907692307692265,Crss
9.42,82.86573426573405,Ciss
9.42,63.25796011768469,Coss
9.42,17.90139860139856,Crss
9.44,82.83426573426553,Ciss
9.44,63.238574697612776,Coss
9.44,17.897902097902055,Crss
9.450000000000001,82.7999999999998,Ciss
9.450000000000001,63.22394573389914,Coss
9.450000000000001,17.883216783216742,Crss
9.46,82.76573426573407,Ciss
9.46,63.213174239946866,Coss
9.46,17.860139860139817,Crss
9.48,82.7342657342655,Ciss
9.48,63.20272965021165,Coss
9.48,17.831468531468488,Crss
9.49,82.7083916083914,Ciss
9.49,63.193592677344704,Coss
9.49,17.799999999999958,Crss
9.51,82.69090909090889,Ciss
9.51,63.1867440339972,Coss
9.51,17.768531468531425,Crss
9.52,82.6846153846152,Ciss
9.52,63.183164432820355,Coss
9.52,17.739860139860095,Crss
9.540000000000001,82.69230769230748,Ciss
9.540000000000001,63.18383458646533,Coss
9.540000000000001,17.71678321678317,Crss
9.56,82.69999999999979,Ciss
9.56,63.18071265119237,Coss
9.56,17.702097902097854,Crss
9.57,82.69999999999979,Ciss
9.57,63.171019941156416,Coss
9.57,17.69860139860135,Crss
9.59,82.69999999999979,Ciss
9.59,63.160673422686315,Coss
9.59,17.692307692307647,Crss
9.6,82.69999999999979,Ciss
9.6,63.14999999999917,Coss
9.6,17.692307692307647,Crss
9.620000000000001,82.70769230769211,Ciss
9.620000000000001,63.13932657731202,Coss
9.620000000000001,17.699999999999957,Crss
9.63,82.70769230769211,Ciss
9.63,63.13457012095373,Coss
9.63,17.699999999999957,Crss
9.64,82.70139860139838,Ciss
9.64,63.12736188296747,Coss
9.64,17.699999999999957,Crss
9.66,82.69020979020958,Ciss
9.66,63.12394573389915,Coss
9.66,17.703846153846108,Crss
9.68,82.67552447552426,Ciss
9.68,63.11627983000899,Coss
9.68,17.70769230769226,Crss
9.69,82.65874125874106,Ciss
9.69,63.105344883948185,Coss
9.69,17.704545454545407,Crss
9.700000000000001,82.64125874125853,Ciss
9.700000000000001,63.09212160836793,Coss
9.700000000000001,17.695804195804147,Crss
9.72,82.62447552447533,Ciss
9.72,63.07759071591941,Coss
9.72,17.682867132867088,Crss
9.73,82.60979020979,Ciss
9.73,63.06273291925383,Coss
9.73,17.66713286713282,Crss
9.75,82.5986013986012,Ciss
9.75,63.048528931022396,Coss
9.75,17.649999999999956,Crss
9.76,82.59230769230751,Ciss
9.76,63.03144818568077,Coss
9.76,17.63286713286709,Crss
9.78,82.59230769230751,Ciss
9.78,63.01059169663206,Coss
9.78,17.617132867132824,Crss
9.8,82.5999999999998,Ciss
9.8,62.99499836547809,Coss
9.8,17.604195804195758,Crss
9.81,82.5999999999998,Ciss
9.81,62.976626348479066,Coss
9.81,17.5954545454545,Crss
9.82,82.5999999999998,Ciss
9.82,62.95645635828619,Coss
9.82,17.59230769230765,Crss
9.84,82.60769230769213,Ciss
9.84,62.93546910755066,Coss
9.84,17.60384615384611,Crss
9.86,82.60769230769213,Ciss
9.86,62.91464530892366,Coss
9.86,17.607692307692265,Crss
9.870000000000001,82.60139860139842,Ciss
9.870000000000001,62.89496567505637,Coss
9.870000000000001,17.601398601398557,Crss
9.88,82.5902097902096,Ciss
9.88,62.88300098071183,Coss
9.88,17.590209790209745,Crss
9.9,82.57552447552428,Ciss
9.9,62.87103628636725,Coss
9.9,17.575524475524432,Crss
9.91,82.55874125874107,Ciss
9.91,62.86037920889096,Coss
9.91,17.558741258741215,Crss
9.93,82.54895104895084,Ciss
9.93,62.85233736515117,Coss
9.93,17.541258741258694,Crss
9.94,82.53216783216763,Ciss
9.94,62.83919581562518,Coss
9.94,17.53216783216779,Crss
9.96,82.51118881118862,Ciss
9.96,62.82752533507598,Coss
9.96,17.517482517482478,Crss
9.98,82.488811188811,Ciss
9.98,62.80928407976379,Coss
9.98,17.499999999999957,Crss
9.99,82.46783216783197,Ciss
9.99,62.79071592023453,Coss
9.99,17.482517482517437,Crss
10.01,82.45104895104875,Ciss
10.01,62.772474664922335,Coss
10.01,17.467832167832125,Crss
10.02,82.44125874125855,Ciss
10.02,62.755214122261336,Coss
10.02,17.458741258741213,Crss
10.040000000000001,82.42447552447533,Ciss
10.040000000000001,62.73958810068567,Coss
10.040000000000001,17.4412587412587,Crss
10.05,82.40979020979,Ciss
10.05,62.729045439685336,Coss
10.05,17.424475524475483,Crss
10.06,82.3986013986012,Ciss
10.06,62.719892121607536,Coss
10.06,17.409790209790167,Crss
10.08,82.3923076923075,Ciss
10.08,62.71574043805082,Coss
10.08,17.398601398601354,Crss
10.1,82.3923076923075,Ciss
10.1,62.7130598234709,Coss
10.1,17.39230769230765,Crss
10.11,82.40384615384596,Ciss
10.11,62.70380843412798,Coss
10.11,17.39230769230765,Crss
10.120000000000001,82.40384615384596,Ciss
10.120000000000001,62.69423014056799,Coss
10.120000000000001,17.399999999999956,Crss
10.14,82.40454545454526,Ciss
10.14,62.68497875122507,Coss
10.14,17.399999999999956,Crss
10.15,82.39895104895085,Ciss
10.15,62.676708074533344,Coss
10.15,17.40384615384611,Crss
10.17,82.38846153846134,Ciss
10.17,62.67007191892694,Coss
10.17,17.40384615384611,Crss
10.18,82.37447552447533,Ciss
10.18,62.66572409283999,Coss
10.18,17.40454545454541,Crss
10.200000000000001,82.35839160839141,Ciss
10.200000000000001,62.65529584831563,Coss
10.200000000000001,17.398951048951005,Crss
10.22,82.3416083916082,Ciss
10.22,62.644704151682745,Coss
10.22,17.388461538461495,Crss
10.23,82.32552447552429,Ciss
10.23,62.63427590715838,Coss
10.23,17.374475524475482,Crss
10.24,82.31153846153828,Ciss
10.24,62.624338018959634,Coss
10.24,17.358391608391564,Crss
10.26,82.30104895104876,Ciss
10.26,62.62080745341534,Coss
10.26,17.34160839160835,Crss
10.28,82.29545454545433,Ciss
10.28,62.62090552468045,Coss
10.28,17.325524475524432,Crss
10.290000000000001,82.29615384615364,Ciss
10.290000000000001,62.6165903890152,Coss
10.290000000000001,17.31153846153842,Crss
10.3,82.29615384615364,Ciss
10.3,62.608842759070775,Coss
10.3,17.30104895104891,Crss
10.32,82.29999999999978,Ciss
10.32,62.59864334749837,Coss
10.32,17.295454545454504,Crss
10.34,82.29999999999978,Ciss
10.34,62.586972866949175,Coss
10.34,17.296153846153803,Crss
10.35,82.29999999999978,Ciss
10.35,62.574812030074376,Coss
10.35,17.296153846153803,Crss
10.36,82.29999999999978,Ciss
10.36,62.55863027132968,Coss
10.36,17.29999999999996,Crss
10.38,82.30769230769212,Ciss
10.38,62.54203988231367,Coss
10.38,17.29999999999996,Crss
10.4,82.31538461538442,Ciss
10.4,62.52134684537349,Coss
10.4,17.29999999999996,Crss
10.41,82.30909090909073,Ciss
10.41,62.49999999999918,Coss
10.41,17.307692307692264,Crss
10.42,82.2916083916082,Ciss
10.42,62.47865315462488,Coss
10.42,17.307692307692264,Crss
10.44,82.26573426573407,Ciss
10.44,62.457960117684706,Coss
10.44,17.309090909090866,Crss
10.46,82.23426573426553,Ciss
10.46,62.44136972866869,Coss
10.46,17.297902097902057,Crss
10.47,82.19999999999982,Ciss
10.47,62.425187969923996,Coss
10.47,17.276923076923033,Crss
10.48,82.16573426573406,Ciss
10.48,62.4130271330492,Coss
10.48,17.248951048951007,Crss
10.5,82.13426573426554,Ciss
10.5,62.40135665250001,Coss
10.5,17.216783216783174,Crss
10.52,82.10839160839141,Ciss
10.52,62.39115724092759,Coss
10.52,17.18321678321674,Crss
10.53,82.0909090909089,Ciss
10.53,62.383409610983165,Coss
10.53,17.151048951048907,Crss
10.540000000000001,82.08461538461519,Ciss
10.540000000000001,62.37909447531791,Coss
10.540000000000001,17.12307692307688,Crss
10.56,82.0923076923075,Ciss
10.56,62.37919254658304,Coss
10.56,17.102097902097857,Crss
10.58,82.09999999999981,Ciss
10.58,62.375661981038746,Coss
10.58,17.090909090909047,Crss
10.59,82.09999999999981,Ciss
10.59,62.36572409284,Coss
10.59,17.09230769230765,Crss
10.6,82.09999999999981,Ciss
10.6,62.35529584831562,Coss
10.6,17.09230769230765,Crss
10.620000000000001,82.09999999999981,Ciss
10.620000000000001,62.34470415168274,Coss
10.620000000000001,17.09999999999996,Crss
10.64,82.10769230769213,Ciss
10.64,62.334275907158386,Coss
10.64,17.09999999999996,Crss
10.65,82.11538461538441,Ciss
10.65,62.32433801895962,Coss
10.65,17.09999999999996,Crss
10.66,82.10909090909071,Ciss
10.66,62.320807453415334,Coss
10.66,17.107692307692265,Crss
10.68,82.09160839160819,Ciss
10.68,62.31531546256865,Coss
10.68,17.107692307692265,Crss
10.700000000000001,82.06573426573406,Ciss
10.700000000000001,62.31410591696551,Coss
10.700000000000001,17.101398601398557,Crss
10.71,82.03426573426553,Ciss
10.71,62.309136972866135,Coss
10.71,17.097902097902054,Crss
10.72,81.9999999999998,Ciss
10.72,62.30138934292171,Coss
10.72,17.083216783216738,Crss
10.74,81.96573426573407,Ciss
10.74,62.291843739783424,Coss
10.74,17.06013986013982,Crss
10.76,81.93426573426552,Ciss
10.76,62.28148087610248,Coss
10.76,17.03146853146849,Crss
10.77,81.9083916083914,Ciss
10.77,62.26677018633458,Coss
10.77,16.999999999999957,Crss
10.78,81.8909090909089,Ciss
10.78,62.25132396207829,Coss
10.78,16.968531468531427,Crss
10.8,81.88461538461517,Ciss
10.8,62.23144818568077,Coss
10.8,16.939860139860098,Crss
10.82,81.89230769230748,Ciss
10.82,62.210591696632065,Coss
10.82,16.916783216783173,Crss
10.83,81.8999999999998,Ciss
10.83,62.18940830336629,Coss
10.83,16.902097902097857,Crss
10.84,81.8999999999998,Ciss
10.84,62.168551814317595,Coss
10.84,16.898601398601357,Crss
10.86,81.8999999999998,Ciss
10.86,62.14867603792007,Coss
10.86,16.89230769230765,Crss
10.88,81.8999999999998,Ciss
10.88,62.13043478260788,Coss
10.88,16.89230769230765,Crss
10.89,81.90384615384595,Ciss
10.89,62.12007191892694,Coss
10.89,16.89999999999996,Crss
10.9,81.90769230769209,Ciss
10.9,62.11513566524927,Coss
10.9,16.89999999999996,Crss
10.92,81.90454545454526,Ciss
10.92,62.10791108205214,Coss
10.92,16.89999999999996,Crss
10.94,81.89580419580398,Ciss
10.94,62.09970578620382,Coss
10.94,16.90384615384611,Crss
10.950000000000001,81.88286713286693,Ciss
10.950000000000001,62.09182739457256,Coss
10.950000000000001,16.90384615384611,Crss
10.96,81.86713286713268,Ciss
10.96,62.08558352402663,Coss
10.96,16.90454545454541,Crss
10.98,81.84999999999977,Ciss
10.98,62.07325923504332,Coss
10.98,16.898951048951005,Crss
11.0,81.83286713286694,Ciss
11.0,62.06142530238559,Coss
11.0,16.8884615384615,Crss
11.01,81.81713286713267,Ciss
11.01,62.04203988231367,Coss
11.01,16.874475524475482,Crss
11.02,81.8041958041956,Ciss
11.02,62.02134684537349,Coss
11.02,16.858391608391567,Crss
11.040000000000001,81.79545454545435,Ciss
11.040000000000001,61.99999999999918,Coss
11.040000000000001,16.84160839160835,Crss
11.06,81.79230769230749,Ciss
11.06,61.97865315462488,Coss
11.06,16.825524475524432,Crss
11.07,81.79615384615366,Ciss
11.07,61.957960117684706,Coss
11.07,16.81153846153842,Crss
11.08,81.7999999999998,Ciss
11.08,61.94136972866868,Coss
11.08,16.80104895104891,Crss
11.1,81.7999999999998,Ciss
11.1,61.92518796992399,Coss
11.1,16.795454545454504,Crss
11.120000000000001,81.7999999999998,Ciss
11.120000000000001,61.910232101993294,Coss
11.120000000000001,16.796153846153803,Crss
11.13,81.7999999999998,Ciss
11.13,61.90011441647517,Coss
11.13,16.796153846153803,Crss
11.14,81.80769230769212,Ciss
11.14,61.89130434782527,Coss
11.14,16.799999999999958,Crss
11.16,81.8153846153844,Ciss
11.16,61.88478260869484,Coss
11.16,16.799999999999958,Crss
11.18,81.8090909090907,Ciss
11.18,61.88152991173504,Coss
11.18,16.799999999999958,Crss
11.19,81.79160839160818,Ciss
11.19,61.882526969597095,Coss
11.19,16.807692307692264,Crss
11.200000000000001,81.76573426573407,Ciss
11.200000000000001,61.8797319385412,Coss
11.200000000000001,16.807692307692264,Crss
11.22,81.73426573426553,Ciss
11.22,61.8703661327223,Coss
11.22,16.809090909090866,Crss
11.24,81.6999999999998,Ciss
11.24,61.86034651846928,Coss
11.24,16.797902097902057,Crss
11.25,81.66573426573407,Ciss
11.25,61.849999999999184,Coss
11.25,16.776923076923033,Crss
11.26,81.63426573426554,Ciss
11.26,61.839653481529105,Coss
11.26,16.748951048951007,Crss
11.28,81.6083916083914,Ciss
11.28,61.82963386727607,Coss
11.28,16.716783216783174,Crss
11.3,81.5909090909089,Ciss
11.3,61.82026806145718,Coss
11.3,16.683216783216743,Crss
11.31,81.58461538461518,Ciss
11.31,61.817473030401274,Coss
11.31,16.65104895104891,Crss
11.32,81.59230769230749,Ciss
11.32,61.81847008826332,Coss
11.32,16.623076923076884,Crss
11.34,81.59999999999981,Ciss
11.34,61.815217391303534,Coss
11.34,16.602097902097864,Crss
11.36,81.59999999999981,Ciss
11.36,61.8086956521731,Coss
11.36,16.59090909090905,Crss
11.370000000000001,81.59999999999981,Ciss
11.370000000000001,61.799885583523206,Coss
11.370000000000001,16.592307692307653,Crss
11.38,81.59999999999981,Ciss
11.38,61.78976789800507,Coss
11.38,16.592307692307653,Crss
11.4,81.59999999999981,Ciss
11.4,61.77481203007437,Coss
11.4,16.59999999999996,Crss
11.42,81.60384615384595,Ciss
11.42,61.758630271329686,Coss
11.42,16.59999999999996,Crss
11.43,81.61153846153826,Ciss
11.43,61.74203988231368,Coss
11.43,16.59999999999996,Crss
11.44,81.6083916083914,Ciss
11.44,61.7213468453735,Coss
11.44,16.603846153846114,Crss
11.46,81.59650349650329,Ciss
11.46,61.69999999999919,Coss
11.46,16.603846153846114,Crss
11.48,81.57797202797182,Ciss
11.48,61.67865315462489,Coss
11.48,16.608391608391567,Crss
11.49,81.5548951048949,Ciss
11.49,61.65796011768471,Coss
11.49,16.602797202797163,Crss
11.5,81.52937062937042,Ciss
11.5,61.63857469761279,Coss
11.5,16.589160839160797,Crss
11.52,81.50349650349631,Ciss
11.52,61.62394573389916,Coss
11.52,16.56958041958038,Crss
11.540000000000001,81.47937062937045,Ciss
11.540000000000001,61.61037920889099,Coss
11.540000000000001,16.546153846153807,Crss
11.55,81.45909090909072,Ciss
11.55,61.604282445242745,Coss
11.55,16.520979020978977,Crss
11.56,81.44475524475507,Ciss
11.56,61.59777705132315,Coss
11.56,16.496153846153806,Crss
11.58,81.43846153846135,Ciss
11.58,61.59200719189197,Coss
11.58,16.473776223776184,Crss
11.6,81.44230769230751,Ciss
11.6,61.588117031708904,Coss
11.6,16.455944055944013,Crss
11.61,81.44999999999982,Ciss
11.61,61.58725073553369,Coss
11.61,16.444755244755203,Crss
11.620000000000001,81.44999999999982,Ciss
11.620000000000001,61.58152991173505,Coss
11.620000000000001,16.442307692307647,Crss
11.64,81.44999999999982,Ciss
11.64,61.56833932657651,Coss
11.64,16.442307692307647,Crss
11.66,81.44999999999982,Ciss
11.66,61.553759398495444,Coss
11.66,16.449999999999957,Crss
11.67,81.45769230769213,Ciss
11.67,61.53828048381744,Coss
11.67,16.449999999999957,Crss
11.68,81.46153846153828,Ciss
11.68,61.52239293886811,Coss
11.68,16.449999999999957,Crss
11.700000000000001,81.45524475524456,Ciss
11.700000000000001,61.50658711997305,Coss
11.700000000000001,16.457692307692263,Crss
11.72,81.4409090909089,Ciss
11.72,61.491353383457856,Coss
11.72,16.457692307692263,Crss
11.73,81.42062937062917,Ciss
11.73,61.4827721477599,Coss
11.73,16.45139860139856,Crss
11.74,81.3965034965033,Ciss
11.74,61.472638117030904,Coss
11.74,16.4440559440559,Crss
11.76,81.37062937062916,Ciss
11.76,61.46176855181352,Coss
11.76,16.429370629370585,Crss
11.78,81.3451048951047,Ciss
11.78,61.45377574370629,Coss
11.78,16.40944055944052,Crss
11.790000000000001,81.32202797202777,Ciss
11.790000000000001,61.44512912716493,Coss
11.790000000000001,16.38636363636359,Crss
11.8,81.30349650349629,Ciss
11.8,61.436809414840646,Coss
11.8,16.36223776223772,Crss
11.82,81.29160839160818,Ciss
11.82,61.42979731938461,Coss
11.82,16.339160839160797,Crss
11.84,81.28846153846132,Ciss
11.84,61.42056227525255,Coss
11.84,16.319230769230728,Crss
11.85,81.29615384615363,Ciss
11.85,61.412716574042996,Coss
11.85,16.304545454545412,Crss
11.86,81.2999999999998,Ciss
11.86,61.39805491990765,Coss
11.86,16.297202797202758,Crss
11.88,81.2999999999998,Ciss
11.88,61.38265773128392,Coss
11.88,16.29930069930066,Crss
11.9,81.2999999999998,Ciss
11.9,61.36701536449739,Coss
11.9,16.296153846153807,Crss
11.91,81.2999999999998,Ciss
11.91,61.35161817587367,Coss
11.91,16.296153846153807,Crss
11.92,81.3076923076921,Ciss
11.92,61.33695652173833,Coss
11.92,16.299999999999958,Crss
11.94,81.3153846153844,Ciss
11.94,61.32352075841698,Coss
11.94,16.299999999999958,Crss
11.96,81.3090909090907,Ciss
11.96,61.31739130434702,Coss
11.96,16.307692307692268,Crss
11.97,81.29160839160818,Ciss
11.97,61.31595292579193,Coss
11.97,16.307692307692268,Crss
11.98,81.26573426573407,Ciss
11.98,61.31132723112047,Coss
11.98,16.30139860139856,Crss
12.0,81.23426573426553,Ciss
12.0,61.30465838509237,Coss
12.0,16.297902097902057,Crss
12.02,81.19999999999979,Ciss
12.02,61.297090552467324,Coss
12.02,16.283216783216744,Crss
12.030000000000001,81.16573426573405,Ciss
12.030000000000001,61.28976789800508,Coss
12.030000000000001,16.26013986013982,Crss
12.040000000000001,81.13426573426553,Ciss
12.040000000000001,61.274812030074386,Coss
12.040000000000001,16.23146853146849,Crss
12.06,81.1083916083914,Ciss
12.06,61.25863027132969,Coss
12.06,16.19999999999996,Crss
12.08,81.09090909090888,Ciss
12.08,61.242039882313684,Coss
12.08,16.168531468531423,Crss
12.09,81.08461538461518,Ciss
12.09,61.2213468453735,Coss
12.09,16.139860139860097,Crss
12.1,81.09230769230749,Ciss
12.1,61.19999999999919,Coss
12.1,16.116783216783176,Crss
12.120000000000001,81.0999999999998,Ciss
12.120000000000001,61.1786531546249,Coss
12.120000000000001,16.102097902097864,Crss
12.14,81.0999999999998,Ciss
12.14,61.15796011768472,Coss
12.14,16.098601398601357,Crss
12.15,81.0999999999998,Ciss
12.15,61.138574697612796,Coss
12.15,16.09230769230765,Crss
12.16,81.0999999999998,Ciss
12.16,61.121150702843266,Coss
12.16,16.09230769230765,Crss
12.18,81.10384615384595,Ciss
12.18,61.10913697286615,Coss
12.18,16.09999999999996,Crss
12.200000000000001,81.10769230769209,Ciss
12.200000000000001,61.098839490028624,Coss
12.200000000000001,16.09999999999996,Crss
12.21,81.10454545454525,Ciss
12.21,61.093870545929235,Coss
12.21,16.09999999999996,Crss
12.22,81.09580419580398,Ciss
12.22,61.09069957502371,Coss
12.22,16.10384615384611,Crss
12.24,81.08286713286694,Ciss
12.24,61.09030728996324,Coss
12.24,16.10384615384611,Crss
12.26,81.06713286713267,Ciss
12.26,61.09367440339901,Coss
12.26,16.104545454545413,Crss
12.27,81.04999999999981,Ciss
12.27,61.092759071591225,Coss
12.27,16.098951048951008,Crss
12.280000000000001,81.03286713286694,Ciss
12.280000000000001,61.08478260869485,Coss
12.280000000000001,16.088461538461498,Crss
12.3,81.01713286713269,Ciss
12.3,61.075661981038756,Coss
12.3,16.074475524475485,Crss
12.32,81.00419580419562,Ciss
12.32,61.06572409284,Coss
12.32,16.05839160839157,Crss
12.33,80.99545454545435,Ciss
12.33,61.05529584831565,Coss
12.33,16.041608391608353,Crss
12.34,80.9923076923075,Ciss
12.34,61.04470415168276,Coss
12.34,16.025524475524435,Crss
12.36,80.99615384615365,Ciss
12.36,61.034275907158396,Coss
12.36,16.01153846153842,Crss
12.38,80.9999999999998,Ciss
12.38,61.02433801895964,Coss
12.38,16.00104895104891,Crss
12.39,80.9999999999998,Ciss
12.39,61.01521739130355,Coss
12.39,15.995454545454507,Crss
12.4,80.9999999999998,Ciss
12.4,61.01283099051898,Coss
12.4,15.996153846153804,Crss
12.42,80.9999999999998,Ciss
12.42,61.00881006864909,Coss
12.42,15.996153846153804,Crss
12.44,80.9999999999998,Ciss
12.44,61.009398496239804,Coss
12.44,15.999999999999961,Crss
12.450000000000001,80.9999999999998,Ciss
12.450000000000001,61.00655442955134,Coss
12.450000000000001,15.999999999999961,Crss
12.46,81.01538461538442,Ciss
12.46,61.0012585812349,Coss
12.46,15.999999999999961,Crss
12.48,81.01538461538442,Ciss
12.48,60.994491663941666,Coss
12.48,15.999999999999961,Crss
12.5,81.00279720279701,Ciss
12.5,60.98272311212735,Coss
12.5,16.007692307692267,Crss
12.51,80.9804195804194,Ciss
12.51,60.96956521739051,Coss
12.51,16.007692307692267,Crss
12.52,80.95104895104875,Ciss
12.52,60.95132396207831,Coss
12.52,16.001398601398563,Crss
12.540000000000001,80.91748251748231,Ciss
12.540000000000001,60.93144818568079,Coss
12.540000000000001,15.997902097902056,Crss
12.56,80.88251748251729,Ciss
12.56,60.910591696632096,Coss
12.56,15.983216783216744,Crss
12.57,80.84895104895085,Ciss
12.57,60.889408303366324,Coss
12.57,15.960139860139817,Crss
12.58,80.8195804195802,Ciss
12.58,60.8685518143176,Coss
12.58,15.931468531468491,Crss
12.6,80.7972027972026,Ciss
12.6,60.8486760379201,Coss
12.6,15.899999999999961,Crss
12.620000000000001,80.78461538461518,Ciss
12.620000000000001,60.8304347826079,Coss
12.620000000000001,15.86853146853143,Crss
12.63,80.78461538461518,Ciss
12.63,60.81727688787106,Coss
12.63,15.839860139860102,Crss
12.64,80.79999999999981,Ciss
12.64,60.80550833605674,Coss
12.64,15.816783216783179,Crss
12.66,80.79999999999981,Ciss
12.66,60.80153644981941,Coss
12.66,15.802097902097865,Crss
12.68,80.79999999999981,Ciss
12.68,60.79748283752782,Coss
12.68,15.798601398601361,Crss
12.69,80.79999999999981,Ciss
12.69,60.79449166394167,Coss
12.69,15.792307692307656,Crss
12.700000000000001,80.79999999999981,Ciss
12.700000000000001,60.79370709382072,Coss
12.700000000000001,15.792307692307656,Crss
12.72,80.80384615384595,Ciss
12.72,60.7872507355337,Coss
12.72,15.799999999999963,Crss
12.74,80.81153846153826,Ciss
12.74,60.78152991173507,Coss
12.74,15.799999999999963,Crss
12.75,80.8083916083914,Ciss
12.75,60.76833932657652,Coss
12.75,15.803846153846116,Crss
12.76,80.79650349650329,Ciss
12.76,60.75375939849545,Coss
12.76,15.803846153846116,Crss
12.780000000000001,80.77797202797184,Ciss
12.780000000000001,60.738280483817455,Coss
12.780000000000001,15.800699300699264,Crss
12.8,80.75489510489491,Ciss
12.8,60.72239293886811,Coss
12.8,15.802797202797167,Crss
12.81,80.72937062937044,Ciss
12.81,60.70658711997305,Coss
12.81,15.795454545454511,Crss
12.82,80.7034965034963,Ciss
12.82,60.691353383457866,Coss
12.82,15.780769230769195,Crss
12.84,80.67937062937042,Ciss
12.84,60.682772147759906,Coss
12.84,15.760839160839124,Crss
12.86,80.65909090909072,Ciss
12.86,60.67263811703093,Coss
12.86,15.737762237762203,Crss
12.870000000000001,80.64475524475505,Ciss
12.870000000000001,60.66176855181354,Coss
12.870000000000001,15.713636363636327,Crss
12.88,80.63846153846134,Ciss
12.88,60.653775743706305,Coss
12.88,15.690559440559406,Crss
12.9,80.64230769230748,Ciss
12.9,60.64512912716495,Coss
12.9,15.670629370629335,Crss
12.92,80.6499999999998,Ciss
12.92,60.636809414840656,Coss
12.92,15.655944055944019,Crss
12.93,80.6499999999998,Ciss
12.93,60.629797319384636,Coss
12.93,15.648601398601363,Crss
12.94,80.6499999999998,Ciss
12.94,60.62056227525255,Coss
12.94,15.64230769230766,Crss
12.96,80.6499999999998,Ciss
12.96,60.61271657404301,Coss
12.96,15.64230769230766,Crss
12.98,80.65769230769212,Ciss
12.98,60.59805491990768,Coss
12.98,15.649999999999963,Crss
12.99,80.66153846153826,Ciss
12.99,60.582657731283945,Coss
12.99,15.649999999999963,Crss
13.0,80.65524475524455,Ciss
13.0,60.56701536449742,Coss
13.0,15.649999999999963,Crss
13.02,80.64090909090888,Ciss
13.02,60.55161817587368,Coss
13.02,15.657692307692272,Crss
13.040000000000001,80.62062937062917,Ciss
13.040000000000001,60.53695652173835,Coss
13.040000000000001,15.657692307692272,Crss
13.05,80.59650349650329,Ciss
13.05,60.523520758417,Coss
13.05,15.655244755244722,Crss
13.06,80.57062937062916,Ciss
13.06,60.511801242235244,Coss
13.06,15.644055944055907,Crss
13.08,80.54510489510469,Ciss
13.08,60.50787839163047,Coss
13.08,15.626223776223739,Crss
13.1,80.52202797202776,Ciss
13.1,60.503546910754366,Coss
13.1,15.603846153846117,Crss
13.11,80.5034965034963,Ciss
13.11,60.49962406014959,Coss
13.11,15.579020979020942,Crss
13.120000000000001,80.49160839160818,Ciss
13.120000000000001,60.50251716247062,Coss
13.120000000000001,15.553846153846118,Crss
13.14,80.48846153846134,Ciss
13.14,60.50434782608618,Coss
13.14,15.53041958041954,Crss
13.16,80.49615384615363,Ciss
13.16,60.49723765936503,Coss
13.16,15.51083916083912,Crss
13.17,80.4999999999998,Ciss
13.17,60.48759398496163,Coss
13.17,15.497202797202757,Crss
13.18,80.4999999999998,Ciss
13.18,60.47623406341864,Coss
13.18,15.491608391608352,Crss
13.200000000000001,80.4999999999998,Ciss
13.200000000000001,60.45946387708324,Coss
13.200000000000001,15.496153846153806,Crss
13.22,80.4999999999998,Ciss
13.22,60.44073226544545,Coss
13.22,15.496153846153806,Crss
13.23,80.50769230769208,Ciss
13.23,60.4206930369394,Coss
13.23,15.499999999999957,Crss
13.24,80.50769230769208,Ciss
13.24,60.399999999999224,Coss
13.24,15.499999999999957,Crss
13.26,80.50139860139838,Ciss
13.26,60.37930696305904,Coss
13.26,15.499999999999957,Crss
13.280000000000001,80.49790209790189,Ciss
13.280000000000001,60.359267734552986,Coss
13.280000000000001,15.499999999999957,Crss
13.290000000000001,80.48321678321656,Ciss
13.290000000000001,60.340536122915196,Coss
13.290000000000001,15.507692307692267,Crss
13.3,80.46013986013963,Ciss
13.3,60.3265609676357,Coss
13.3,15.507692307692267,Crss
13.32,80.43146853146831,Ciss
13.32,60.31364825106166,Coss
13.32,15.50139860139856,Crss
13.34,80.39999999999979,Ciss
13.34,60.30541026479163,Coss
13.34,15.49790209790206,Crss
13.35,80.36853146853126,Ciss
13.35,60.29831644328134,Coss
13.35,15.483216783216744,Crss
13.36,80.33986013985995,Ciss
13.36,60.29334749918196,Coss
13.36,15.460139860139822,Crss
13.38,80.31678321678302,Ciss
13.38,60.29148414514469,Coss
13.38,15.431468531468493,Crss
13.4,80.3020979020977,Ciss
13.4,60.28468453742975,Coss
13.4,15.39999999999996,Crss
13.41,80.29860139860119,Ciss
13.41,60.27919254658307,Coss
13.41,15.368531468531428,Crss
13.42,80.2923076923075,Ciss
13.42,60.27566198103877,Coss
13.42,15.339860139860097,Crss
13.44,80.2923076923075,Ciss
13.44,60.26572409284001,Coss
13.44,15.316783216783175,Crss
13.46,80.2999999999998,Ciss
13.46,60.25529584831566,Coss
13.46,15.302097902097863,Crss
13.47,80.2999999999998,Ciss
13.47,60.244704151682775,Coss
13.47,15.29860139860136,Crss
13.48,80.2999999999998,Ciss
13.48,60.23427590715841,Coss
13.48,15.292307692307652,Crss
13.5,80.2999999999998,Ciss
13.5,60.22433801895965,Coss
13.5,15.292307692307652,Crss
13.52,80.30384615384594,Ciss
13.52,60.21521739130356,Coss
13.52,15.29999999999996,Crss
13.530000000000001,80.3076923076921,Ciss
13.530000000000001,60.207240928407174,Coss
13.530000000000001,15.29999999999996,Crss
13.540000000000001,80.30454545454525,Ciss
13.540000000000001,60.206325596599406,Coss
13.540000000000001,15.29999999999996,Crss
13.56,80.29580419580398,Ciss
13.56,60.20410264792338,Coss
13.56,15.29999999999996,Crss
13.58,80.28286713286693,Ciss
13.58,60.204020921869095,Coss
13.58,15.303846153846115,Crss
13.59,80.26713286713266,Ciss
13.59,60.20518143183968,Coss
13.59,15.303846153846115,Crss
13.6,80.24999999999979,Ciss
13.6,60.20405361229081,Coss
13.6,15.304545454545416,Crss
13.620000000000001,80.23286713286693,Ciss
13.620000000000001,60.197106897678196,Coss
13.620000000000001,15.298951048951011,Crss
13.64,80.21713286713266,Ciss
13.64,60.18795357960038,Coss
13.64,15.2884615384615,Crss
13.65,80.20419580419559,Ciss
13.65,60.17289964040457,Coss
13.65,15.274475524475486,Crss
13.66,80.19545454545434,Ciss
13.66,60.155393919580774,Coss
13.66,15.25839160839157,Crss
13.68,80.19230769230748,Ciss
13.68,60.13609022556312,Coss
13.68,15.241608391608352,Crss
13.700000000000001,80.19615384615363,Ciss
13.700000000000001,60.11564236678574,Coss
13.700000000000001,15.225524475524438,Crss
13.71,80.1999999999998,Ciss
13.71,60.09470415168277,Coss
13.71,15.211538461538424,Crss
13.72,80.1999999999998,Ciss
13.72,60.073929388688335,Coss
13.72,15.201048951048914,Crss
13.74,80.1999999999998,Ciss
13.74,60.053971886236546,Coss
13.74,15.195454545454508,Crss
13.76,80.1999999999998,Ciss
13.76,60.03548545276155,Coss
13.76,15.19615384615381,Crss
13.77,80.1999999999998,Ciss
13.77,60.01912389669748,Coss
13.77,15.19615384615381,Crss
13.780000000000001,80.2076923076921,Ciss
13.780000000000001,60.01113108859027,Coss
13.780000000000001,15.199999999999962,Crss
13.8,80.2076923076921,Ciss
13.8,60.009055246811904,Coss
13.8,15.199999999999962,Crss
13.82,80.2090909090907,Ciss
13.82,60.00518143183969,Coss
13.82,15.199999999999962,Crss
13.83,80.19790209790189,Ciss
13.83,60.00081726054189,Coss
13.83,15.207692307692271,Crss
13.84,80.17692307692288,Ciss
13.84,59.997270349786746,Coss
13.84,15.207692307692271,Crss
13.86,80.14895104895086,Ciss
13.86,59.98682576005153,Coss
13.86,15.209090909090872,Crss
13.88,80.11678321678302,Ciss
13.88,59.97605426609926,Coss
13.88,15.19790209790206,Crss
13.89,80.08321678321659,Ciss
13.89,59.961425302385635,Coss
13.89,15.17692307692304,Crss
13.9,80.05104895104876,Ciss
13.9,59.94203988231371,Coss
13.9,15.148951048951014,Crss
13.92,80.02307692307673,Ciss
13.92,59.92134684537352,Coss
13.92,15.116783216783183,Crss
13.94,80.00209790209772,Ciss
13.94,59.899999999999224,Coss
13.94,15.083216783216749,Crss
13.950000000000001,79.9909090909089,Ciss
13.950000000000001,59.87865315462492,Coss
13.950000000000001,15.051048951048918,Crss
13.96,79.99230769230749,Ciss
13.96,59.857960117684726,Coss
13.96,15.02307692307689,Crss
13.98,79.99230769230749,Ciss
13.98,59.83857469761281,Coss
13.98,15.00209790209787,Crss
14.0,79.9999999999998,Ciss
14.0,59.82115070284328,Coss
14.0,14.990909090909055,Crss
14.01,79.9999999999998,Ciss
14.01,59.806341941810274,Coss
14.01,14.992307692307655,Crss
14.02,79.9999999999998,Ciss
14.02,59.79759725400379,Coss
14.02,14.992307692307655,Crss
14.040000000000001,79.9999999999998,Ciss
14.040000000000001,59.79401765282694,Coss
14.040000000000001,14.999999999999964,Crss
14.06,79.9999999999998,Ciss
14.06,59.7920725727354,Coss
14.06,14.999999999999964,Crss
14.07,80.00769230769211,Ciss
14.07,59.79274272638038,Coss
14.07,14.999999999999964,Crss
14.08,80.01538461538442,Ciss
14.08,59.79700882641307,Coss
14.08,14.999999999999964,Crss
14.1,80.00909090909073,Ciss
14.1,59.796829029093686,Coss
14.1,15.007692307692274,Crss
14.120000000000001,79.9916083916082,Ciss
14.120000000000001,59.78942464857718,Coss
14.120000000000001,15.007692307692274,Crss
14.13,79.96573426573407,Ciss
14.13,59.78071265119242,Coss
14.13,15.001398601398567,Crss
14.14,79.93426573426552,Ciss
14.14,59.77101994115646,Coss
14.14,14.997902097902063,Crss
14.16,79.89999999999979,Ciss
14.16,59.76067342268637,Coss
14.16,14.983216783216747,Crss
14.18,79.86573426573406,Ciss
14.18,59.74999999999922,Coss
14.18,14.960139860139826,Crss
14.19,79.83426573426553,Ciss
14.19,59.73932657731207,Coss
14.19,14.931468531468495,Crss
14.200000000000001,79.8083916083914,Ciss
14.200000000000001,59.72898005884198,Coss
14.200000000000001,14.899999999999965,Crss
14.22,79.79090909090888,Ciss
14.22,59.71928734880602,Coss
14.22,14.868531468531433,Crss
14.24,79.78461538461518,Ciss
14.24,59.710575351421255,Coss
14.24,14.839860139860106,Crss
14.25,79.79230769230749,Ciss
14.25,59.703170970904736,Coss
14.25,14.816783216783183,Crss
14.26,79.7999999999998,Ciss
14.26,59.70299117358536,Coss
14.26,14.802097902097868,Crss
14.280000000000001,79.7999999999998,Ciss
14.280000000000001,59.70725727361804,Coss
14.280000000000001,14.798601398601365,Crss
14.3,79.7999999999998,Ciss
14.3,59.70792742726303,Coss
14.3,14.792307692307658,Crss
14.31,79.7999999999998,Ciss
14.31,59.7059823471715,Coss
14.31,14.792307692307658,Crss
14.32,79.7999999999998,Ciss
14.32,59.70240274599465,Coss
14.32,14.799999999999967,Crss
14.34,79.80384615384595,Ciss
14.34,59.69365805818817,Coss
14.34,14.799999999999967,Crss
14.36,79.80384615384595,Ciss
14.36,59.67884929715516,Coss
14.36,14.799999999999967,Crss
14.370000000000001,79.80454545454525,Ciss
14.370000000000001,59.66142530238563,Coss
14.370000000000001,14.799999999999967,Crss
14.38,79.79895104895084,Ciss
14.38,59.64203988231372,Coss
14.38,14.80384615384612,Crss
14.4,79.78846153846133,Ciss
14.4,59.621346845373544,Coss
14.4,14.80384615384612,Crss
14.41,79.7744755244753,Ciss
14.41,59.59999999999923,Coss
14.41,14.804545454545421,Crss
14.43,79.7583916083914,Ciss
14.43,59.57865315462492,Coss
14.43,14.798951048951015,Crss
14.44,79.74160839160818,Ciss
14.44,59.55796011768476,Coss
14.44,14.788461538461505,Crss
14.46,79.72552447552428,Ciss
14.46,59.53857469761283,Coss
14.46,14.774475524475488,Crss
14.48,79.71153846153827,Ciss
14.48,59.5211507028433,Coss
14.48,14.758391608391573,Crss
14.49,79.70104895104875,Ciss
14.49,59.50634194181029,Coss
14.49,14.741608391608356,Crss
14.5,79.69545454545434,Ciss
14.5,59.49759725400382,Coss
14.5,14.725524475524438,Crss
14.52,79.69615384615365,Ciss
14.52,59.49122262177106,Coss
14.52,14.711538461538423,Crss
14.540000000000001,79.69615384615365,Ciss
14.540000000000001,59.48803530565469,Coss
14.540000000000001,14.70104895104891,Crss
14.55,79.69999999999979,Ciss
14.55,59.494442628309145,Coss
14.55,14.695454545454504,Crss
14.56,79.69999999999979,Ciss
14.56,59.502566198103196,Coss
14.56,14.696153846153805,Crss
14.58,79.69999999999979,Ciss
14.58,59.50452762340559,Coss
14.58,14.696153846153805,Crss
14.6,79.69999999999979,Ciss
14.6,59.49771167047979,Coss
14.6,14.69999999999996,Crss
14.61,79.69999999999979,Ciss
14.61,59.488198757763215,Coss
14.61,14.69999999999996,Crss
14.620000000000001,79.71538461538442,Ciss
14.620000000000001,59.47647924158146,Coss
14.620000000000001,14.69999999999996,Crss
14.64,79.71538461538442,Ciss
14.64,59.46304347826009,Coss
14.64,14.69999999999996,Crss
14.66,79.702797202797,Ciss
14.66,59.448381824124766,Coss
14.66,14.707692307692268,Crss
14.67,79.68041958041938,Ciss
14.67,59.43298463550103,Coss
14.67,14.707692307692268,Crss
14.68,79.65104895104875,Ciss
14.68,59.4173422687145,Coss
14.68,14.70139860139856,Crss
14.700000000000001,79.61748251748232,Ciss
14.700000000000001,59.401945080090755,Coss
14.700000000000001,14.697902097902059,Crss
14.72,79.58251748251728,Ciss
14.72,59.387283425955424,Coss
14.72,14.683216783216743,Crss
14.73,79.54895104895085,Ciss
14.73,59.37384766263406,Coss
14.73,14.660139860139822,Crss
14.74,79.51958041958022,Ciss
14.74,59.367718208564106,Coss
14.74,14.631468531468494,Crss
14.76,79.49720279720259,Ciss
14.76,59.36068976789721,Coss
14.76,14.599999999999962,Crss
14.780000000000001,79.48461538461518,Ciss
14.780000000000001,59.353579601176065,Coss
14.780000000000001,14.568531468531429,Crss
14.790000000000001,79.48461538461518,Ciss
14.790000000000001,59.3472049689433,Coss
14.790000000000001,14.5398601398601,Crss
14.8,79.4999999999998,Ciss
14.8,59.34238313174161,Coss
14.8,14.516783216783178,Crss
14.82,79.4999999999998,Ciss
14.82,59.31026479241504,Coss
14.82,14.502097902097864,Crss
14.84,79.4999999999998,Ciss
14.84,59.297543760587246,Coss
14.84,14.49860139860136,Crss
14.85,79.4999999999998,Ciss
14.85,59.28817572587597,Coss
14.85,14.492307692307653,Crss
14.86,79.4999999999998,Ciss
14.86,59.283216440310284,Coss
14.86,14.492307692307653,Crss
14.88,79.5,Ciss
14.88,59.283721655918484,Coss
14.88,14.488461538461499,Crss
14.9,79.50000000000001,Ciss
14.9,59.29074712472885,Coss
14.9,14.483516483516476,Crss
14.91,79.50000000000003,Ciss
14.91,59.30534859876968,Coss
14.91,14.48475274725274,Crss
14.92,79.50000000000004,Ciss
14.92,59.328581830069275,Coss
14.92,14.495054945054939,Crss
14.94,79.50000000000006,Ciss
14.94,59.361502570655915,Coss
14.94,14.517307692307691,Crss
14.96,79.50000000000007,Ciss
14.96,59.4051665725579,Coss
14.96,14.554395604395605,Crss
14.97,59.46062958780352,Coss
14.97,14.609203296703301,Crss
